[2026-07-12 18:35:25] local.ERROR: Method App\Http\Controllers\UnitController::index does not exist. {"userId":1,"exception":"[object] (BadMethodCallException(code: 0): Method App\\Http\\Controllers\\UnitController::index does not exist. at C:\\Users\\Administrator\\final-project\\vendor\\laravel\\framework\\src\\Illuminate\\Routing\\Controller.php:68)
[stacktrace]
#0 C:\\Users\\Administrator\\final-project\\vendor\\laravel\\framework\\src\\Illuminate\\Routing\\Controller.php(54): Illuminate\\Routing\\Controller->__call('index', Array)
#1 C:\\Users\\Administrator\\final-project\\vendor\\laravel\\framework\\src\\Illuminate\\Routing\\ControllerDispatcher.php(43): Illuminate\\Routing\\Controller->callAction('index', Array)
#2 C:\\Users\\Administrator\\final-project\\vendor\\laravel\\framework\\src\\Illuminate\\Routing\\Route.php(259): Illuminate\\Routing\\ControllerDispatcher->dispatch(Object(Illuminate\\Routing\\Route), Object(App\\Http\\Controllers\\UnitController), 'index')
#3 C:\\Users\\Administrator\\final-project\\vendor\\laravel\\framework\\src\\Illuminate\\Routing\\Route.php(205): Illuminate\\Routing\\Route->runController()
#4 C:\\Users\\Administrator\\final-project\\vendor\\laravel\\framework\\src\\Illuminate\\Routing\\Router.php(806): Illuminate\\Routing\\Route->run()
#5 C:\\Users\\Administrator\\final-project\\vendor\\laravel\\framework\\src\\Illuminate\\Pipeline\\Pipeline.php(144): Illuminate\\Routing\\Router->Illuminate\\Routing\\{closure}(Object(Illuminate\\Http\\Request))
#6 C:\\Users\\Administrator\\final-project\\vendor\\laravel\\framework\\src\\Illuminate\\Routing\\Middleware\\SubstituteBindings.php(50): Illuminate\\Pipeline\\Pipeline->Illuminate\\Pipeline\\{closure}(Object(Illuminate\\Http\\Request))
#7 C:\\Users\\Administrator\\final-project\\vendor\\laravel\\framework\\src\\Illuminate\\Pipeline\\Pipeline.php(183): Illuminate\\Routing\\Middleware\\SubstituteBindings->handle(Object(Illuminate\\Http\\Request), Object(Closure))
#8 C:\\Users\\Administrator\\final-project\\vendor\\laravel\\framework\\src\\Illuminate\\Auth\\Middleware\\Authenticate.php(57): Illuminate\\Pipeline\\Pipeline->Illuminate\\Pipeline\\{closure}(Object(Illuminate\\Http\\Request))
#9 C:\\Users\\Administrator\\final-project\\vendor\\laravel\\framework\\src\\Illuminate\\Pipeline\\Pipeline.php(183): Illuminate\\Auth\\Middleware\\Authenticate->handle(Object(Illuminate\\Http\\Request), Object(Closure))
#10 C:\\Users\\Administrator\\final-project\\vendor\\laravel\\framework\\src\\Illuminate\\Foundation\\Http\\Middleware\\VerifyCsrfToken.php(78): Illuminate\\Pipeline\\Pipeline->Illuminate\\Pipeline\\{closure}(Object(Illuminate\\Http\\Request))
#11 C:\\Users\\Administrator\\final-project\\vendor\\laravel\\framework\\src\\Illuminate\\Pipeline\\Pipeline.php(183): Illuminate\\Foundation\\Http\\Middleware\\VerifyCsrfToken->handle(Object(Illuminate\\Http\\Request), Object(Closure))
#12 C:\\Users\\Administrator\\final-project\\vendor\\laravel\\framework\\src\\Illuminate\\View\\Middleware\\ShareErrorsFromSession.php(49): Illuminate\\Pipeline\\Pipeline->Illuminate\\Pipeline\\{closure}(Object(Illuminate\\Http\\Request))
#13 C:\\Users\\Administrator\\final-project\\vendor\\laravel\\framework\\src\\Illuminate\\Pipeline\\Pipeline.php(183): Illuminate\\View\\Middleware\\ShareErrorsFromSession->handle(Object(Illuminate\\Http\\Request), Object(Closure))
#14 C:\\Users\\Administrator\\final-project\\vendor\\laravel\\framework\\src\\Illuminate\\Session\\Middleware\\StartSession.php(121): Illuminate\\Pipeline\\Pipeline->Illuminate\\Pipeline\\{closure}(Object(Illuminate\\Http\\Request))
#15 C:\\Users\\Administrator\\final-project\\vendor\\laravel\\framework\\src\\Illuminate\\Session\\Middleware\\StartSession.php(64): Illuminate\\Session\\Middleware\\StartSession->handleStatefulRequest(Object(Illuminate\\Http\\Request), Object(Illuminate\\Session\\Store), Object(Closure))
#16 C:\\Users\\Administrator\\final-project\\vendor\\laravel\\framework\\src\\Illuminate\\Pipeline\\Pipeline.php(183): Illuminate\\Session\\Middleware\\StartSession->handle(Object(Illuminate\\Http\\Request), Object(Closure))
#17 C:\\Users\\Administrator\\final-project\\vendor\\laravel\\framework\\src\\Illuminate\\Cookie\\Middleware\\AddQueuedCookiesToResponse.php(37): Illuminate\\Pipeline\\Pipeline->Illuminate\\Pipeline\\{closure}(Object(Illuminate\\Http\\Request))
#18 C:\\Users\\Administrator\\final-project\\vendor\\laravel\\framework\\src\\Illuminate\\Pipeline\\Pipeline.php(183): Illuminate\\Cookie\\Middleware\\AddQueuedCookiesToResponse->handle(Object(Illuminate\\Http\\Request), Object(Closure))
#19 C:\\Users\\Administrator\\final-project\\vendor\\laravel\\framework\\src\\Illuminate\\Cookie\\Middleware\\EncryptCookies.php(67): Illuminate\\Pipeline\\Pipeline->Illuminate\\Pipeline\\{closure}(Object(Illuminate\\Http\\Request))
#20 C:\\Users\\Administrator\\final-project\\vendor\\laravel\\framework\\src\\Illuminate\\Pipeline\\Pipeline.php(183): Illuminate\\Cookie\\Middleware\\EncryptCookies->handle(Object(Illuminate\\Http\\Request), Object(Closure))
#21 C:\\Users\\Administrator\\final-project\\vendor\\laravel\\framework\\src\\Illuminate\\Pipeline\\Pipeline.php(119): Illuminate\\Pipeline\\Pipeline->Illuminate\\Pipeline\\{closure}(Object(Illuminate\\Http\\Request))
#22 C:\\Users\\Administrator\\final-project\\vendor\\laravel\\framework\\src\\Illuminate\\Routing\\Router.php(805): Illuminate\\Pipeline\\Pipeline->then(Object(Closure))
#23 C:\\Users\\Administrator\\final-project\\vendor\\laravel\\framework\\src\\Illuminate\\Routing\\Router.php(784): Illuminate\\Routing\\Router->runRouteWithinStack(Object(Illuminate\\Routing\\Route), Object(Illuminate\\Http\\Request))
#24 C:\\Users\\Administrator\\final-project\\vendor\\laravel\\framework\\src\\Illuminate\\Routing\\Router.php(748): Illuminate\\Routing\\Router->runRoute(Object(Illuminate\\Http\\Request), Object(Illuminate\\Routing\\Route))
#25 C:\\Users\\Administrator\\final-project\\vendor\\laravel\\framework\\src\\Illuminate\\Routing\\Router.php(737): Illuminate\\Routing\\Router->dispatchToRoute(Object(Illuminate\\Http\\Request))
#26 C:\\Users\\Administrator\\final-project\\vendor\\laravel\\framework\\src\\Illuminate\\Foundation\\Http\\Kernel.php(200): Illuminate\\Routing\\Router->dispatch(Object(Illuminate\\Http\\Request))
#27 C:\\Users\\Administrator\\final-project\\vendor\\laravel\\framework\\src\\Illuminate\\Pipeline\\Pipeline.php(144): Illuminate\\Foundation\\Http\\Kernel->Illuminate\\Foundation\\Http\\{closure}(Object(Illuminate\\Http\\Request))
#28 C:\\Users\\Administrator\\final-project\\vendor\\laravel\\framework\\src\\Illuminate\\Foundation\\Http\\Middleware\\TransformsRequest.php(21): Illuminate\\Pipeline\\Pipeline->Illuminate\\Pipeline\\{closure}(Object(Illuminate\\Http\\Request))
#29 C:\\Users\\Administrator\\final-project\\vendor\\laravel\\framework\\src\\Illuminate\\Foundation\\Http\\Middleware\\ConvertEmptyStringsToNull.php(31): Illuminate\\Foundation\\Http\\Middleware\\TransformsRequest->handle(Object(Illuminate\\Http\\Request), Object(Closure))
#30 C:\\Users\\Administrator\\final-project\\vendor\\laravel\\framework\\src\\Illuminate\\Pipeline\\Pipeline.php(183): Illuminate\\Foundation\\Http\\Middleware\\ConvertEmptyStringsToNull->handle(Object(Illuminate\\Http\\Request), Object(Closure))
#31 C:\\Users\\Administrator\\final-project\\vendor\\laravel\\framework\\src\\Illuminate\\Foundation\\Http\\Middleware\\TransformsRequest.php(21): Illuminate\\Pipeline\\Pipeline->Illuminate\\Pipeline\\{closure}(Object(Illuminate\\Http\\Request))
#32 C:\\Users\\Administrator\\final-project\\vendor\\laravel\\framework\\src\\Illuminate\\Foundation\\Http\\Middleware\\TrimStrings.php(40): Illuminate\\Foundation\\Http\\Middleware\\TransformsRequest->handle(Object(Illuminate\\Http\\Request), Object(Closure))
#33 C:\\Users\\Administrator\\final-project\\vendor\\laravel\\framework\\src\\Illuminate\\Pipeline\\Pipeline.php(183): Illuminate\\Foundation\\Http\\Middleware\\TrimStrings->handle(Object(Illuminate\\Http\\Request), Object(Closure))
#34 C:\\Users\\Administrator\\final-project\\vendor\\laravel\\framework\\src\\Illuminate\\Foundation\\Http\\Middleware\\ValidatePostSize.php(27): Illuminate\\Pipeline\\Pipeline->Illuminate\\Pipeline\\{closure}(Object(Illuminate\\Http\\Request))
#35 C:\\Users\\Administrator\\final-project\\vendor\\laravel\\framework\\src\\Illuminate\\Pipeline\\Pipeline.php(183): Illuminate\\Foundation\\Http\\Middleware\\ValidatePostSize->handle(Object(Illuminate\\Http\\Request), Object(Closure))
#36 C:\\Users\\Administrator\\final-project\\vendor\\laravel\\framework\\src\\Illuminate\\Foundation\\Http\\Middleware\\PreventRequestsDuringMaintenance.php(99): Illuminate\\Pipeline\\Pipeline->Illuminate\\Pipeline\\{closure}(Object(Illuminate\\Http\\Request))
#37 C:\\Users\\Administrator\\final-project\\vendor\\laravel\\framework\\src\\Illuminate\\Pipeline\\Pipeline.php(183): Illuminate\\Foundation\\Http\\Middleware\\PreventRequestsDuringMaintenance->handle(Object(Illuminate\\Http\\Request), Object(Closure))
#38 C:\\Users\\Administrator\\final-project\\vendor\\laravel\\framework\\src\\Illuminate\\Http\\Middleware\\HandleCors.php(49): Illuminate\\Pipeline\\Pipeline->Illuminate\\Pipeline\\{closure}(Object(Illuminate\\Http\\Request))
#39 C:\\Users\\Administrator\\final-project\\vendor\\laravel\\framework\\src\\Illuminate\\Pipeline\\Pipeline.php(183): Illuminate\\Http\\Middleware\\HandleCors->handle(Object(Illuminate\\Http\\Request), Object(Closure))
#40 C:\\Users\\Administrator\\final-project\\vendor\\laravel\\framework\\src\\Illuminate\\Http\\Middleware\\TrustProxies.php(39): Illuminate\\Pipeline\\Pipeline->Illuminate\\Pipeline\\{closure}(Object(Illuminate\\Http\\Request))
#41 C:\\Users\\Administrator\\final-project\\vendor\\laravel\\framework\\src\\Illuminate\\Pipeline\\Pipeline.php(183): Illuminate\\Http\\Middleware\\TrustProxies->handle(Object(Illuminate\\Http\\Request), Object(Closure))
#42 C:\\Users\\Administrator\\final-project\\vendor\\laravel\\framework\\src\\Illuminate\\Pipeline\\Pipeline.php(119): Illuminate\\Pipeline\\Pipeline->Illuminate\\Pipeline\\{closure}(Object(Illuminate\\Http\\Request))
#43 C:\\Users\\Administrator\\final-project\\vendor\\laravel\\framework\\src\\Illuminate\\Foundation\\Http\\Kernel.php(175): Illuminate\\Pipeline\\Pipeline->then(Object(Closure))
#44 C:\\Users\\Administrator\\final-project\\vendor\\laravel\\framework\\src\\Illuminate\\Foundation\\Http\\Kernel.php(144): Illuminate\\Foundation\\Http\\Kernel->sendRequestThroughRouter(Object(Illuminate\\Http\\Request))
#45 C:\\Users\\Administrator\\final-project\\public\\index.php(51): Illuminate\\Foundation\\Http\\Kernel->handle(Object(Illuminate\\Http\\Request))
#46 C:\\Users\\Administrator\\final-project\\vendor\\laravel\\framework\\src\\Illuminate\\Foundation\\resources\\server.php(16): require_once('C:\\\\Users\\\\Admini...')
#47 {main}
"} 
[2026-07-12 19:04:08] local.INFO: ESP8266 Request {"device_serial_number":"unikey01","request":[],"headers":{"host":["192.168.137.1"]},"ip":"192.168.137.159","method":"GET","url":"http://192.168.137.1/unikey01/door/state/check"} 
[2026-07-12 19:40:33] local.ERROR: syntax error, unexpected double-quoted string ">Logout</a></li>", expecting ")" {"view":{"view":"C:\\Users\\Administrator\\final-project\\Modules\\Adminstration\\resources\\views\\layouts\\admin_master.blade.php","data":{"errors":"<pre class=sf-dump id=sf-dump-407039441 data-indent-pad=\"  \"><span class=sf-dump-note>Illuminate\\Support\\ViewErrorBag</span> {<a class=sf-dump-ref>#605</a><samp data-depth=1 class=sf-dump-expanded>
  #<span class=sf-dump-protected title=\"Protected property\">bags</span>: []
</samp>}
</pre><script>Sfdump(\"sf-dump-407039441\", {\"maxDepth\":3,\"maxStringLength\":160})</script>
","total_units":"<pre class=sf-dump id=sf-dump-1135502013 data-indent-pad=\"  \"><span class=sf-dump-num>2</span>
</pre><script>Sfdump(\"sf-dump-1135502013\", {\"maxDepth\":3,\"maxStringLength\":160})</script>
","total_users":"<pre class=sf-dump id=sf-dump-1867284615 data-indent-pad=\"  \"><span class=sf-dump-num>0</span>
</pre><script>Sfdump(\"sf-dump-1867284615\", {\"maxDepth\":3,\"maxStringLength\":160})</script>
","totalTime":"<pre class=sf-dump id=sf-dump-1029248365 data-indent-pad=\"  \">\"<span class=sf-dump-str title=\"9 characters\">5 seconds</span>\"
</pre><script>Sfdump(\"sf-dump-1029248365\", {\"maxDepth\":3,\"maxStringLength\":160})</script>
"}},"userId":1,"exception":"[object] (Spatie\\LaravelIgnition\\Exceptions\\ViewException(code: 0): syntax error, unexpected double-quoted string \">Logout</a></li>\", expecting \")\" at C:\\Users\\Administrator\\final-project\\Modules\\Adminstration\\resources\\views\\layouts\\admin_master.blade.php:46)
[stacktrace]
#0 C:\\Users\\Administrator\\final-project\\vendor\\laravel\\framework\\src\\Illuminate\\Filesystem\\Filesystem.php(123): require('C:\\\\Users\\\\Admini...')
#1 C:\\Users\\Administrator\\final-project\\vendor\\laravel\\framework\\src\\Illuminate\\Filesystem\\Filesystem.php(124): Illuminate\\Filesystem\\Filesystem::Illuminate\\Filesystem\\{closure}()
#2 C:\\Users\\Administrator\\final-project\\vendor\\laravel\\framework\\src\\Illuminate\\View\\Engines\\PhpEngine.php(58): Illuminate\\Filesystem\\Filesystem->getRequire('C:\\\\Users\\\\Admini...', Array)
#3 C:\\Users\\Administrator\\final-project\\vendor\\laravel\\framework\\src\\Illuminate\\View\\Engines\\CompilerEngine.php(72): Illuminate\\View\\Engines\\PhpEngine->evaluatePath('C:\\\\Users\\\\Admini...', Array)
#4 C:\\Users\\Administrator\\final-project\\vendor\\laravel\\framework\\src\\Illuminate\\View\\View.php(207): Illuminate\\View\\Engines\\CompilerEngine->get('C:\\\\Users\\\\Admini...', Array)
#5 C:\\Users\\Administrator\\final-project\\vendor\\laravel\\framework\\src\\Illuminate\\View\\View.php(190): Illuminate\\View\\View->getContents()
#6 C:\\Users\\Administrator\\final-project\\vendor\\laravel\\framework\\src\\Illuminate\\View\\View.php(159): Illuminate\\View\\View->renderContents()
#7 C:\\Users\\Administrator\\final-project\\vendor\\laravel\\framework\\src\\Illuminate\\Http\\Response.php(69): Illuminate\\View\\View->render()
#8 C:\\Users\\Administrator\\final-project\\vendor\\laravel\\framework\\src\\Illuminate\\Http\\Response.php(35): Illuminate\\Http\\Response->setContent(Object(Illuminate\\View\\View))
#9 C:\\Users\\Administrator\\final-project\\vendor\\laravel\\framework\\src\\Illuminate\\Routing\\Router.php(918): Illuminate\\Http\\Response->__construct(Object(Illuminate\\View\\View), 200, Array)
#10 C:\\Users\\Administrator\\final-project\\vendor\\laravel\\framework\\src\\Illuminate\\Routing\\Router.php(885): Illuminate\\Routing\\Router::toResponse(Object(Illuminate\\Http\\Request), Object(Illuminate\\View\\View))
#11 C:\\Users\\Administrator\\final-project\\vendor\\laravel\\framework\\src\\Illuminate\\Routing\\Router.php(805): Illuminate\\Routing\\Router->prepareResponse(Object(Illuminate\\Http\\Request), Object(Illuminate\\View\\View))
#12 C:\\Users\\Administrator\\final-project\\vendor\\laravel\\framework\\src\\Illuminate\\Pipeline\\Pipeline.php(144): Illuminate\\Routing\\Router->Illuminate\\Routing\\{closure}(Object(Illuminate\\Http\\Request))
#13 C:\\Users\\Administrator\\final-project\\vendor\\laravel\\framework\\src\\Illuminate\\Routing\\Middleware\\SubstituteBindings.php(50): Illuminate\\Pipeline\\Pipeline->Illuminate\\Pipeline\\{closure}(Object(Illuminate\\Http\\Request))
#14 C:\\Users\\Administrator\\final-project\\vendor\\laravel\\framework\\src\\Illuminate\\Pipeline\\Pipeline.php(183): Illuminate\\Routing\\Middleware\\SubstituteBindings->handle(Object(Illuminate\\Http\\Request), Object(Closure))
#15 C:\\Users\\Administrator\\final-project\\vendor\\laravel\\framework\\src\\Illuminate\\Auth\\Middleware\\Authenticate.php(57): Illuminate\\Pipeline\\Pipeline->Illuminate\\Pipeline\\{closure}(Object(Illuminate\\Http\\Request))
#16 C:\\Users\\Administrator\\final-project\\vendor\\laravel\\framework\\src\\Illuminate\\Pipeline\\Pipeline.php(183): Illuminate\\Auth\\Middleware\\Authenticate->handle(Object(Illuminate\\Http\\Request), Object(Closure))
#17 C:\\Users\\Administrator\\final-project\\vendor\\laravel\\framework\\src\\Illuminate\\Foundation\\Http\\Middleware\\VerifyCsrfToken.php(78): Illuminate\\Pipeline\\Pipeline->Illuminate\\Pipeline\\{closure}(Object(Illuminate\\Http\\Request))
#18 C:\\Users\\Administrator\\final-project\\vendor\\laravel\\framework\\src\\Illuminate\\Pipeline\\Pipeline.php(183): Illuminate\\Foundation\\Http\\Middleware\\VerifyCsrfToken->handle(Object(Illuminate\\Http\\Request), Object(Closure))
#19 C:\\Users\\Administrator\\final-project\\vendor\\laravel\\framework\\src\\Illuminate\\View\\Middleware\\ShareErrorsFromSession.php(49): Illuminate\\Pipeline\\Pipeline->Illuminate\\Pipeline\\{closure}(Object(Illuminate\\Http\\Request))
#20 C:\\Users\\Administrator\\final-project\\vendor\\laravel\\framework\\src\\Illuminate\\Pipeline\\Pipeline.php(183): Illuminate\\View\\Middleware\\ShareErrorsFromSession->handle(Object(Illuminate\\Http\\Request), Object(Closure))
#21 C:\\Users\\Administrator\\final-project\\vendor\\laravel\\framework\\src\\Illuminate\\Session\\Middleware\\StartSession.php(121): Illuminate\\Pipeline\\Pipeline->Illuminate\\Pipeline\\{closure}(Object(Illuminate\\Http\\Request))
#22 C:\\Users\\Administrator\\final-project\\vendor\\laravel\\framework\\src\\Illuminate\\Session\\Middleware\\StartSession.php(64): Illuminate\\Session\\Middleware\\StartSession->handleStatefulRequest(Object(Illuminate\\Http\\Request), Object(Illuminate\\Session\\Store), Object(Closure))
#23 C:\\Users\\Administrator\\final-project\\vendor\\laravel\\framework\\src\\Illuminate\\Pipeline\\Pipeline.php(183): Illuminate\\Session\\Middleware\\StartSession->handle(Object(Illuminate\\Http\\Request), Object(Closure))
#24 C:\\Users\\Administrator\\final-project\\vendor\\laravel\\framework\\src\\Illuminate\\Cookie\\Middleware\\AddQueuedCookiesToResponse.php(37): Illuminate\\Pipeline\\Pipeline->Illuminate\\Pipeline\\{closure}(Object(Illuminate\\Http\\Request))
#25 C:\\Users\\Administrator\\final-project\\vendor\\laravel\\framework\\src\\Illuminate\\Pipeline\\Pipeline.php(183): Illuminate\\Cookie\\Middleware\\AddQueuedCookiesToResponse->handle(Object(Illuminate\\Http\\Request), Object(Closure))
#26 C:\\Users\\Administrator\\final-project\\vendor\\laravel\\framework\\src\\Illuminate\\Cookie\\Middleware\\EncryptCookies.php(67): Illuminate\\Pipeline\\Pipeline->Illuminate\\Pipeline\\{closure}(Object(Illuminate\\Http\\Request))
#27 C:\\Users\\Administrator\\final-project\\vendor\\laravel\\framework\\src\\Illuminate\\Pipeline\\Pipeline.php(183): Illuminate\\Cookie\\Middleware\\EncryptCookies->handle(Object(Illuminate\\Http\\Request), Object(Closure))
#28 C:\\Users\\Administrator\\final-project\\vendor\\laravel\\framework\\src\\Illuminate\\Pipeline\\Pipeline.php(119): Illuminate\\Pipeline\\Pipeline->Illuminate\\Pipeline\\{closure}(Object(Illuminate\\Http\\Request))
#29 C:\\Users\\Administrator\\final-project\\vendor\\laravel\\framework\\src\\Illuminate\\Routing\\Router.php(805): Illuminate\\Pipeline\\Pipeline->then(Object(Closure))
#30 C:\\Users\\Administrator\\final-project\\vendor\\laravel\\framework\\src\\Illuminate\\Routing\\Router.php(784): Illuminate\\Routing\\Router->runRouteWithinStack(Object(Illuminate\\Routing\\Route), Object(Illuminate\\Http\\Request))
#31 C:\\Users\\Administrator\\final-project\\vendor\\laravel\\framework\\src\\Illuminate\\Routing\\Router.php(748): Illuminate\\Routing\\Router->runRoute(Object(Illuminate\\Http\\Request), Object(Illuminate\\Routing\\Route))
#32 C:\\Users\\Administrator\\final-project\\vendor\\laravel\\framework\\src\\Illuminate\\Routing\\Router.php(737): Illuminate\\Routing\\Router->dispatchToRoute(Object(Illuminate\\Http\\Request))
#33 C:\\Users\\Administrator\\final-project\\vendor\\laravel\\framework\\src\\Illuminate\\Foundation\\Http\\Kernel.php(200): Illuminate\\Routing\\Router->dispatch(Object(Illuminate\\Http\\Request))
#34 C:\\Users\\Administrator\\final-project\\vendor\\laravel\\framework\\src\\Illuminate\\Pipeline\\Pipeline.php(144): Illuminate\\Foundation\\Http\\Kernel->Illuminate\\Foundation\\Http\\{closure}(Object(Illuminate\\Http\\Request))
#35 C:\\Users\\Administrator\\final-project\\vendor\\laravel\\framework\\src\\Illuminate\\Foundation\\Http\\Middleware\\TransformsRequest.php(21): Illuminate\\Pipeline\\Pipeline->Illuminate\\Pipeline\\{closure}(Object(Illuminate\\Http\\Request))
#36 C:\\Users\\Administrator\\final-project\\vendor\\laravel\\framework\\src\\Illuminate\\Foundation\\Http\\Middleware\\ConvertEmptyStringsToNull.php(31): Illuminate\\Foundation\\Http\\Middleware\\TransformsRequest->handle(Object(Illuminate\\Http\\Request), Object(Closure))
#37 C:\\Users\\Administrator\\final-project\\vendor\\laravel\\framework\\src\\Illuminate\\Pipeline\\Pipeline.php(183): Illuminate\\Foundation\\Http\\Middleware\\ConvertEmptyStringsToNull->handle(Object(Illuminate\\Http\\Request), Object(Closure))
#38 C:\\Users\\Administrator\\final-project\\vendor\\laravel\\framework\\src\\Illuminate\\Foundation\\Http\\Middleware\\TransformsRequest.php(21): Illuminate\\Pipeline\\Pipeline->Illuminate\\Pipeline\\{closure}(Object(Illuminate\\Http\\Request))
#39 C:\\Users\\Administrator\\final-project\\vendor\\laravel\\framework\\src\\Illuminate\\Foundation\\Http\\Middleware\\TrimStrings.php(40): Illuminate\\Foundation\\Http\\Middleware\\TransformsRequest->handle(Object(Illuminate\\Http\\Request), Object(Closure))
#40 C:\\Users\\Administrator\\final-project\\vendor\\laravel\\framework\\src\\Illuminate\\Pipeline\\Pipeline.php(183): Illuminate\\Foundation\\Http\\Middleware\\TrimStrings->handle(Object(Illuminate\\Http\\Request), Object(Closure))
#41 C:\\Users\\Administrator\\final-project\\vendor\\laravel\\framework\\src\\Illuminate\\Foundation\\Http\\Middleware\\ValidatePostSize.php(27): Illuminate\\Pipeline\\Pipeline->Illuminate\\Pipeline\\{closure}(Object(Illuminate\\Http\\Request))
#42 C:\\Users\\Administrator\\final-project\\vendor\\laravel\\framework\\src\\Illuminate\\Pipeline\\Pipeline.php(183): Illuminate\\Foundation\\Http\\Middleware\\ValidatePostSize->handle(Object(Illuminate\\Http\\Request), Object(Closure))
#43 C:\\Users\\Administrator\\final-project\\vendor\\laravel\\framework\\src\\Illuminate\\Foundation\\Http\\Middleware\\PreventRequestsDuringMaintenance.php(99): Illuminate\\Pipeline\\Pipeline->Illuminate\\Pipeline\\{closure}(Object(Illuminate\\Http\\Request))
#44 C:\\Users\\Administrator\\final-project\\vendor\\laravel\\framework\\src\\Illuminate\\Pipeline\\Pipeline.php(183): Illuminate\\Foundation\\Http\\Middleware\\PreventRequestsDuringMaintenance->handle(Object(Illuminate\\Http\\Request), Object(Closure))
#45 C:\\Users\\Administrator\\final-project\\vendor\\laravel\\framework\\src\\Illuminate\\Http\\Middleware\\HandleCors.php(49): Illuminate\\Pipeline\\Pipeline->Illuminate\\Pipeline\\{closure}(Object(Illuminate\\Http\\Request))
#46 C:\\Users\\Administrator\\final-project\\vendor\\laravel\\framework\\src\\Illuminate\\Pipeline\\Pipeline.php(183): Illuminate\\Http\\Middleware\\HandleCors->handle(Object(Illuminate\\Http\\Request), Object(Closure))
#47 C:\\Users\\Administrator\\final-project\\vendor\\laravel\\framework\\src\\Illuminate\\Http\\Middleware\\TrustProxies.php(39): Illuminate\\Pipeline\\Pipeline->Illuminate\\Pipeline\\{closure}(Object(Illuminate\\Http\\Request))
#48 C:\\Users\\Administrator\\final-project\\vendor\\laravel\\framework\\src\\Illuminate\\Pipeline\\Pipeline.php(183): Illuminate\\Http\\Middleware\\TrustProxies->handle(Object(Illuminate\\Http\\Request), Object(Closure))
#49 C:\\Users\\Administrator\\final-project\\vendor\\laravel\\framework\\src\\Illuminate\\Pipeline\\Pipeline.php(119): Illuminate\\Pipeline\\Pipeline->Illuminate\\Pipeline\\{closure}(Object(Illuminate\\Http\\Request))
#50 C:\\Users\\Administrator\\final-project\\vendor\\laravel\\framework\\src\\Illuminate\\Foundation\\Http\\Kernel.php(175): Illuminate\\Pipeline\\Pipeline->then(Object(Closure))
#51 C:\\Users\\Administrator\\final-project\\vendor\\laravel\\framework\\src\\Illuminate\\Foundation\\Http\\Kernel.php(144): Illuminate\\Foundation\\Http\\Kernel->sendRequestThroughRouter(Object(Illuminate\\Http\\Request))
#52 C:\\Users\\Administrator\\final-project\\public\\index.php(51): Illuminate\\Foundation\\Http\\Kernel->handle(Object(Illuminate\\Http\\Request))
#53 C:\\Users\\Administrator\\final-project\\vendor\\laravel\\framework\\src\\Illuminate\\Foundation\\resources\\server.php(16): require_once('C:\\\\Users\\\\Admini...')
#54 {main}

[previous exception] [object] (ParseError(code: 0): syntax error, unexpected double-quoted string \">Logout</a></li>\", expecting \")\" at C:\\Users\\Administrator\\final-project\\storage\\framework\\views\\5814a2753ec08351093a6ec5729628c9.php:47)
[stacktrace]
#0 C:\\Users\\Administrator\\final-project\\vendor\\laravel\\framework\\src\\Illuminate\\Filesystem\\Filesystem.php(124): Illuminate\\Filesystem\\Filesystem::Illuminate\\Filesystem\\{closure}()
#1 C:\\Users\\Administrator\\final-project\\vendor\\laravel\\framework\\src\\Illuminate\\View\\Engines\\PhpEngine.php(58): Illuminate\\Filesystem\\Filesystem->getRequire('C:\\\\Users\\\\Admini...', Array)
#2 C:\\Users\\Administrator\\final-project\\vendor\\laravel\\framework\\src\\Illuminate\\View\\Engines\\CompilerEngine.php(72): Illuminate\\View\\Engines\\PhpEngine->evaluatePath('C:\\\\Users\\\\Admini...', Array)
#3 C:\\Users\\Administrator\\final-project\\vendor\\laravel\\framework\\src\\Illuminate\\View\\View.php(207): Illuminate\\View\\Engines\\CompilerEngine->get('C:\\\\Users\\\\Admini...', Array)
#4 C:\\Users\\Administrator\\final-project\\vendor\\laravel\\framework\\src\\Illuminate\\View\\View.php(190): Illuminate\\View\\View->getContents()
#5 C:\\Users\\Administrator\\final-project\\vendor\\laravel\\framework\\src\\Illuminate\\View\\View.php(159): Illuminate\\View\\View->renderContents()
#6 C:\\Users\\Administrator\\final-project\\storage\\framework\\views\\f4262b2e742199639f17f6e3f2fceccf.php(212): Illuminate\\View\\View->render()
#7 C:\\Users\\Administrator\\final-project\\vendor\\laravel\\framework\\src\\Illuminate\\Filesystem\\Filesystem.php(123): require('C:\\\\Users\\\\Admini...')
#8 C:\\Users\\Administrator\\final-project\\vendor\\laravel\\framework\\src\\Illuminate\\Filesystem\\Filesystem.php(124): Illuminate\\Filesystem\\Filesystem::Illuminate\\Filesystem\\{closure}()
#9 C:\\Users\\Administrator\\final-project\\vendor\\laravel\\framework\\src\\Illuminate\\View\\Engines\\PhpEngine.php(58): Illuminate\\Filesystem\\Filesystem->getRequire('C:\\\\Users\\\\Admini...', Array)
#10 C:\\Users\\Administrator\\final-project\\vendor\\laravel\\framework\\src\\Illuminate\\View\\Engines\\CompilerEngine.php(72): Illuminate\\View\\Engines\\PhpEngine->evaluatePath('C:\\\\Users\\\\Admini...', Array)
#11 C:\\Users\\Administrator\\final-project\\vendor\\laravel\\framework\\src\\Illuminate\\View\\View.php(207): Illuminate\\View\\Engines\\CompilerEngine->get('C:\\\\Users\\\\Admini...', Array)
#12 C:\\Users\\Administrator\\final-project\\vendor\\laravel\\framework\\src\\Illuminate\\View\\View.php(190): Illuminate\\View\\View->getContents()
#13 C:\\Users\\Administrator\\final-project\\vendor\\laravel\\framework\\src\\Illuminate\\View\\View.php(159): Illuminate\\View\\View->renderContents()
#14 C:\\Users\\Administrator\\final-project\\vendor\\laravel\\framework\\src\\Illuminate\\Http\\Response.php(69): Illuminate\\View\\View->render()
#15 C:\\Users\\Administrator\\final-project\\vendor\\laravel\\framework\\src\\Illuminate\\Http\\Response.php(35): Illuminate\\Http\\Response->setContent(Object(Illuminate\\View\\View))
#16 C:\\Users\\Administrator\\final-project\\vendor\\laravel\\framework\\src\\Illuminate\\Routing\\Router.php(918): Illuminate\\Http\\Response->__construct(Object(Illuminate\\View\\View), 200, Array)
#17 C:\\Users\\Administrator\\final-project\\vendor\\laravel\\framework\\src\\Illuminate\\Routing\\Router.php(885): Illuminate\\Routing\\Router::toResponse(Object(Illuminate\\Http\\Request), Object(Illuminate\\View\\View))
#18 C:\\Users\\Administrator\\final-project\\vendor\\laravel\\framework\\src\\Illuminate\\Routing\\Router.php(805): Illuminate\\Routing\\Router->prepareResponse(Object(Illuminate\\Http\\Request), Object(Illuminate\\View\\View))
#19 C:\\Users\\Administrator\\final-project\\vendor\\laravel\\framework\\src\\Illuminate\\Pipeline\\Pipeline.php(144): Illuminate\\Routing\\Router->Illuminate\\Routing\\{closure}(Object(Illuminate\\Http\\Request))
#20 C:\\Users\\Administrator\\final-project\\vendor\\laravel\\framework\\src\\Illuminate\\Routing\\Middleware\\SubstituteBindings.php(50): Illuminate\\Pipeline\\Pipeline->Illuminate\\Pipeline\\{closure}(Object(Illuminate\\Http\\Request))
#21 C:\\Users\\Administrator\\final-project\\vendor\\laravel\\framework\\src\\Illuminate\\Pipeline\\Pipeline.php(183): Illuminate\\Routing\\Middleware\\SubstituteBindings->handle(Object(Illuminate\\Http\\Request), Object(Closure))
#22 C:\\Users\\Administrator\\final-project\\vendor\\laravel\\framework\\src\\Illuminate\\Auth\\Middleware\\Authenticate.php(57): Illuminate\\Pipeline\\Pipeline->Illuminate\\Pipeline\\{closure}(Object(Illuminate\\Http\\Request))
#23 C:\\Users\\Administrator\\final-project\\vendor\\laravel\\framework\\src\\Illuminate\\Pipeline\\Pipeline.php(183): Illuminate\\Auth\\Middleware\\Authenticate->handle(Object(Illuminate\\Http\\Request), Object(Closure))
#24 C:\\Users\\Administrator\\final-project\\vendor\\laravel\\framework\\src\\Illuminate\\Foundation\\Http\\Middleware\\VerifyCsrfToken.php(78): Illuminate\\Pipeline\\Pipeline->Illuminate\\Pipeline\\{closure}(Object(Illuminate\\Http\\Request))
#25 C:\\Users\\Administrator\\final-project\\vendor\\laravel\\framework\\src\\Illuminate\\Pipeline\\Pipeline.php(183): Illuminate\\Foundation\\Http\\Middleware\\VerifyCsrfToken->handle(Object(Illuminate\\Http\\Request), Object(Closure))
#26 C:\\Users\\Administrator\\final-project\\vendor\\laravel\\framework\\src\\Illuminate\\View\\Middleware\\ShareErrorsFromSession.php(49): Illuminate\\Pipeline\\Pipeline->Illuminate\\Pipeline\\{closure}(Object(Illuminate\\Http\\Request))
#27 C:\\Users\\Administrator\\final-project\\vendor\\laravel\\framework\\src\\Illuminate\\Pipeline\\Pipeline.php(183): Illuminate\\View\\Middleware\\ShareErrorsFromSession->handle(Object(Illuminate\\Http\\Request), Object(Closure))
#28 C:\\Users\\Administrator\\final-project\\vendor\\laravel\\framework\\src\\Illuminate\\Session\\Middleware\\StartSession.php(121): Illuminate\\Pipeline\\Pipeline->Illuminate\\Pipeline\\{closure}(Object(Illuminate\\Http\\Request))
#29 C:\\Users\\Administrator\\final-project\\vendor\\laravel\\framework\\src\\Illuminate\\Session\\Middleware\\StartSession.php(64): Illuminate\\Session\\Middleware\\StartSession->handleStatefulRequest(Object(Illuminate\\Http\\Request), Object(Illuminate\\Session\\Store), Object(Closure))
#30 C:\\Users\\Administrator\\final-project\\vendor\\laravel\\framework\\src\\Illuminate\\Pipeline\\Pipeline.php(183): Illuminate\\Session\\Middleware\\StartSession->handle(Object(Illuminate\\Http\\Request), Object(Closure))
#31 C:\\Users\\Administrator\\final-project\\vendor\\laravel\\framework\\src\\Illuminate\\Cookie\\Middleware\\AddQueuedCookiesToResponse.php(37): Illuminate\\Pipeline\\Pipeline->Illuminate\\Pipeline\\{closure}(Object(Illuminate\\Http\\Request))
#32 C:\\Users\\Administrator\\final-project\\vendor\\laravel\\framework\\src\\Illuminate\\Pipeline\\Pipeline.php(183): Illuminate\\Cookie\\Middleware\\AddQueuedCookiesToResponse->handle(Object(Illuminate\\Http\\Request), Object(Closure))
#33 C:\\Users\\Administrator\\final-project\\vendor\\laravel\\framework\\src\\Illuminate\\Cookie\\Middleware\\EncryptCookies.php(67): Illuminate\\Pipeline\\Pipeline->Illuminate\\Pipeline\\{closure}(Object(Illuminate\\Http\\Request))
#34 C:\\Users\\Administrator\\final-project\\vendor\\laravel\\framework\\src\\Illuminate\\Pipeline\\Pipeline.php(183): Illuminate\\Cookie\\Middleware\\EncryptCookies->handle(Object(Illuminate\\Http\\Request), Object(Closure))
#35 C:\\Users\\Administrator\\final-project\\vendor\\laravel\\framework\\src\\Illuminate\\Pipeline\\Pipeline.php(119): Illuminate\\Pipeline\\Pipeline->Illuminate\\Pipeline\\{closure}(Object(Illuminate\\Http\\Request))
#36 C:\\Users\\Administrator\\final-project\\vendor\\laravel\\framework\\src\\Illuminate\\Routing\\Router.php(805): Illuminate\\Pipeline\\Pipeline->then(Object(Closure))
#37 C:\\Users\\Administrator\\final-project\\vendor\\laravel\\framework\\src\\Illuminate\\Routing\\Router.php(784): Illuminate\\Routing\\Router->runRouteWithinStack(Object(Illuminate\\Routing\\Route), Object(Illuminate\\Http\\Request))
#38 C:\\Users\\Administrator\\final-project\\vendor\\laravel\\framework\\src\\Illuminate\\Routing\\Router.php(748): Illuminate\\Routing\\Router->runRoute(Object(Illuminate\\Http\\Request), Object(Illuminate\\Routing\\Route))
#39 C:\\Users\\Administrator\\final-project\\vendor\\laravel\\framework\\src\\Illuminate\\Routing\\Router.php(737): Illuminate\\Routing\\Router->dispatchToRoute(Object(Illuminate\\Http\\Request))
#40 C:\\Users\\Administrator\\final-project\\vendor\\laravel\\framework\\src\\Illuminate\\Foundation\\Http\\Kernel.php(200): Illuminate\\Routing\\Router->dispatch(Object(Illuminate\\Http\\Request))
#41 C:\\Users\\Administrator\\final-project\\vendor\\laravel\\framework\\src\\Illuminate\\Pipeline\\Pipeline.php(144): Illuminate\\Foundation\\Http\\Kernel->Illuminate\\Foundation\\Http\\{closure}(Object(Illuminate\\Http\\Request))
#42 C:\\Users\\Administrator\\final-project\\vendor\\laravel\\framework\\src\\Illuminate\\Foundation\\Http\\Middleware\\TransformsRequest.php(21): Illuminate\\Pipeline\\Pipeline->Illuminate\\Pipeline\\{closure}(Object(Illuminate\\Http\\Request))
#43 C:\\Users\\Administrator\\final-project\\vendor\\laravel\\framework\\src\\Illuminate\\Foundation\\Http\\Middleware\\ConvertEmptyStringsToNull.php(31): Illuminate\\Foundation\\Http\\Middleware\\TransformsRequest->handle(Object(Illuminate\\Http\\Request), Object(Closure))
#44 C:\\Users\\Administrator\\final-project\\vendor\\laravel\\framework\\src\\Illuminate\\Pipeline\\Pipeline.php(183): Illuminate\\Foundation\\Http\\Middleware\\ConvertEmptyStringsToNull->handle(Object(Illuminate\\Http\\Request), Object(Closure))
#45 C:\\Users\\Administrator\\final-project\\vendor\\laravel\\framework\\src\\Illuminate\\Foundation\\Http\\Middleware\\TransformsRequest.php(21): Illuminate\\Pipeline\\Pipeline->Illuminate\\Pipeline\\{closure}(Object(Illuminate\\Http\\Request))
#46 C:\\Users\\Administrator\\final-project\\vendor\\laravel\\framework\\src\\Illuminate\\Foundation\\Http\\Middleware\\TrimStrings.php(40): Illuminate\\Foundation\\Http\\Middleware\\TransformsRequest->handle(Object(Illuminate\\Http\\Request), Object(Closure))
#47 C:\\Users\\Administrator\\final-project\\vendor\\laravel\\framework\\src\\Illuminate\\Pipeline\\Pipeline.php(183): Illuminate\\Foundation\\Http\\Middleware\\TrimStrings->handle(Object(Illuminate\\Http\\Request), Object(Closure))
#48 C:\\Users\\Administrator\\final-project\\vendor\\laravel\\framework\\src\\Illuminate\\Foundation\\Http\\Middleware\\ValidatePostSize.php(27): Illuminate\\Pipeline\\Pipeline->Illuminate\\Pipeline\\{closure}(Object(Illuminate\\Http\\Request))
#49 C:\\Users\\Administrator\\final-project\\vendor\\laravel\\framework\\src\\Illuminate\\Pipeline\\Pipeline.php(183): Illuminate\\Foundation\\Http\\Middleware\\ValidatePostSize->handle(Object(Illuminate\\Http\\Request), Object(Closure))
#50 C:\\Users\\Administrator\\final-project\\vendor\\laravel\\framework\\src\\Illuminate\\Foundation\\Http\\Middleware\\PreventRequestsDuringMaintenance.php(99): Illuminate\\Pipeline\\Pipeline->Illuminate\\Pipeline\\{closure}(Object(Illuminate\\Http\\Request))
#51 C:\\Users\\Administrator\\final-project\\vendor\\laravel\\framework\\src\\Illuminate\\Pipeline\\Pipeline.php(183): Illuminate\\Foundation\\Http\\Middleware\\PreventRequestsDuringMaintenance->handle(Object(Illuminate\\Http\\Request), Object(Closure))
#52 C:\\Users\\Administrator\\final-project\\vendor\\laravel\\framework\\src\\Illuminate\\Http\\Middleware\\HandleCors.php(49): Illuminate\\Pipeline\\Pipeline->Illuminate\\Pipeline\\{closure}(Object(Illuminate\\Http\\Request))
#53 C:\\Users\\Administrator\\final-project\\vendor\\laravel\\framework\\src\\Illuminate\\Pipeline\\Pipeline.php(183): Illuminate\\Http\\Middleware\\HandleCors->handle(Object(Illuminate\\Http\\Request), Object(Closure))
#54 C:\\Users\\Administrator\\final-project\\vendor\\laravel\\framework\\src\\Illuminate\\Http\\Middleware\\TrustProxies.php(39): Illuminate\\Pipeline\\Pipeline->Illuminate\\Pipeline\\{closure}(Object(Illuminate\\Http\\Request))
#55 C:\\Users\\Administrator\\final-project\\vendor\\laravel\\framework\\src\\Illuminate\\Pipeline\\Pipeline.php(183): Illuminate\\Http\\Middleware\\TrustProxies->handle(Object(Illuminate\\Http\\Request), Object(Closure))
#56 C:\\Users\\Administrator\\final-project\\vendor\\laravel\\framework\\src\\Illuminate\\Pipeline\\Pipeline.php(119): Illuminate\\Pipeline\\Pipeline->Illuminate\\Pipeline\\{closure}(Object(Illuminate\\Http\\Request))
#57 C:\\Users\\Administrator\\final-project\\vendor\\laravel\\framework\\src\\Illuminate\\Foundation\\Http\\Kernel.php(175): Illuminate\\Pipeline\\Pipeline->then(Object(Closure))
#58 C:\\Users\\Administrator\\final-project\\vendor\\laravel\\framework\\src\\Illuminate\\Foundation\\Http\\Kernel.php(144): Illuminate\\Foundation\\Http\\Kernel->sendRequestThroughRouter(Object(Illuminate\\Http\\Request))
#59 C:\\Users\\Administrator\\final-project\\public\\index.php(51): Illuminate\\Foundation\\Http\\Kernel->handle(Object(Illuminate\\Http\\Request))
#60 C:\\Users\\Administrator\\final-project\\vendor\\laravel\\framework\\src\\Illuminate\\Foundation\\resources\\server.php(16): require_once('C:\\\\Users\\\\Admini...')
#61 {main}
"} 
[2026-07-12 20:29:14] local.ERROR: Serialization of 'Closure' is not allowed {"userId":2,"exception":"[object] (Exception(code: 0): Serialization of 'Closure' is not allowed at C:\\Users\\Administrator\\final-project\\vendor\\laravel\\framework\\src\\Illuminate\\Session\\Store.php:173)
[stacktrace]
#0 C:\\Users\\Administrator\\final-project\\vendor\\laravel\\framework\\src\\Illuminate\\Session\\Store.php(173): serialize(Array)
#1 C:\\Users\\Administrator\\final-project\\vendor\\laravel\\framework\\src\\Illuminate\\Session\\Middleware\\StartSession.php(245): Illuminate\\Session\\Store->save()
#2 C:\\Users\\Administrator\\final-project\\vendor\\laravel\\framework\\src\\Illuminate\\Session\\Middleware\\StartSession.php(130): Illuminate\\Session\\Middleware\\StartSession->saveSession(Object(Illuminate\\Http\\Request))
#3 C:\\Users\\Administrator\\final-project\\vendor\\laravel\\framework\\src\\Illuminate\\Session\\Middleware\\StartSession.php(64): Illuminate\\Session\\Middleware\\StartSession->handleStatefulRequest(Object(Illuminate\\Http\\Request), Object(Illuminate\\Session\\Store), Object(Closure))
#4 C:\\Users\\Administrator\\final-project\\vendor\\laravel\\framework\\src\\Illuminate\\Pipeline\\Pipeline.php(183): Illuminate\\Session\\Middleware\\StartSession->handle(Object(Illuminate\\Http\\Request), Object(Closure))
#5 C:\\Users\\Administrator\\final-project\\vendor\\laravel\\framework\\src\\Illuminate\\Cookie\\Middleware\\AddQueuedCookiesToResponse.php(37): Illuminate\\Pipeline\\Pipeline->Illuminate\\Pipeline\\{closure}(Object(Illuminate\\Http\\Request))
#6 C:\\Users\\Administrator\\final-project\\vendor\\laravel\\framework\\src\\Illuminate\\Pipeline\\Pipeline.php(183): Illuminate\\Cookie\\Middleware\\AddQueuedCookiesToResponse->handle(Object(Illuminate\\Http\\Request), Object(Closure))
#7 C:\\Users\\Administrator\\final-project\\vendor\\laravel\\framework\\src\\Illuminate\\Cookie\\Middleware\\EncryptCookies.php(67): Illuminate\\Pipeline\\Pipeline->Illuminate\\Pipeline\\{closure}(Object(Illuminate\\Http\\Request))
#8 C:\\Users\\Administrator\\final-project\\vendor\\laravel\\framework\\src\\Illuminate\\Pipeline\\Pipeline.php(183): Illuminate\\Cookie\\Middleware\\EncryptCookies->handle(Object(Illuminate\\Http\\Request), Object(Closure))
#9 C:\\Users\\Administrator\\final-project\\vendor\\laravel\\framework\\src\\Illuminate\\Pipeline\\Pipeline.php(119): Illuminate\\Pipeline\\Pipeline->Illuminate\\Pipeline\\{closure}(Object(Illuminate\\Http\\Request))
#10 C:\\Users\\Administrator\\final-project\\vendor\\laravel\\framework\\src\\Illuminate\\Routing\\Router.php(805): Illuminate\\Pipeline\\Pipeline->then(Object(Closure))
#11 C:\\Users\\Administrator\\final-project\\vendor\\laravel\\framework\\src\\Illuminate\\Routing\\Router.php(784): Illuminate\\Routing\\Router->runRouteWithinStack(Object(Illuminate\\Routing\\Route), Object(Illuminate\\Http\\Request))
#12 C:\\Users\\Administrator\\final-project\\vendor\\laravel\\framework\\src\\Illuminate\\Routing\\Router.php(748): Illuminate\\Routing\\Router->runRoute(Object(Illuminate\\Http\\Request), Object(Illuminate\\Routing\\Route))
#13 C:\\Users\\Administrator\\final-project\\vendor\\laravel\\framework\\src\\Illuminate\\Routing\\Router.php(737): Illuminate\\Routing\\Router->dispatchToRoute(Object(Illuminate\\Http\\Request))
#14 C:\\Users\\Administrator\\final-project\\vendor\\laravel\\framework\\src\\Illuminate\\Foundation\\Http\\Kernel.php(200): Illuminate\\Routing\\Router->dispatch(Object(Illuminate\\Http\\Request))
#15 C:\\Users\\Administrator\\final-project\\vendor\\laravel\\framework\\src\\Illuminate\\Pipeline\\Pipeline.php(144): Illuminate\\Foundation\\Http\\Kernel->Illuminate\\Foundation\\Http\\{closure}(Object(Illuminate\\Http\\Request))
#16 C:\\Users\\Administrator\\final-project\\vendor\\laravel\\framework\\src\\Illuminate\\Foundation\\Http\\Middleware\\TransformsRequest.php(21): Illuminate\\Pipeline\\Pipeline->Illuminate\\Pipeline\\{closure}(Object(Illuminate\\Http\\Request))
#17 C:\\Users\\Administrator\\final-project\\vendor\\laravel\\framework\\src\\Illuminate\\Foundation\\Http\\Middleware\\ConvertEmptyStringsToNull.php(31): Illuminate\\Foundation\\Http\\Middleware\\TransformsRequest->handle(Object(Illuminate\\Http\\Request), Object(Closure))
#18 C:\\Users\\Administrator\\final-project\\vendor\\laravel\\framework\\src\\Illuminate\\Pipeline\\Pipeline.php(183): Illuminate\\Foundation\\Http\\Middleware\\ConvertEmptyStringsToNull->handle(Object(Illuminate\\Http\\Request), Object(Closure))
#19 C:\\Users\\Administrator\\final-project\\vendor\\laravel\\framework\\src\\Illuminate\\Foundation\\Http\\Middleware\\TransformsRequest.php(21): Illuminate\\Pipeline\\Pipeline->Illuminate\\Pipeline\\{closure}(Object(Illuminate\\Http\\Request))
#20 C:\\Users\\Administrator\\final-project\\vendor\\laravel\\framework\\src\\Illuminate\\Foundation\\Http\\Middleware\\TrimStrings.php(40): Illuminate\\Foundation\\Http\\Middleware\\TransformsRequest->handle(Object(Illuminate\\Http\\Request), Object(Closure))
#21 C:\\Users\\Administrator\\final-project\\vendor\\laravel\\framework\\src\\Illuminate\\Pipeline\\Pipeline.php(183): Illuminate\\Foundation\\Http\\Middleware\\TrimStrings->handle(Object(Illuminate\\Http\\Request), Object(Closure))
#22 C:\\Users\\Administrator\\final-project\\vendor\\laravel\\framework\\src\\Illuminate\\Foundation\\Http\\Middleware\\ValidatePostSize.php(27): Illuminate\\Pipeline\\Pipeline->Illuminate\\Pipeline\\{closure}(Object(Illuminate\\Http\\Request))
#23 C:\\Users\\Administrator\\final-project\\vendor\\laravel\\framework\\src\\Illuminate\\Pipeline\\Pipeline.php(183): Illuminate\\Foundation\\Http\\Middleware\\ValidatePostSize->handle(Object(Illuminate\\Http\\Request), Object(Closure))
#24 C:\\Users\\Administrator\\final-project\\vendor\\laravel\\framework\\src\\Illuminate\\Foundation\\Http\\Middleware\\PreventRequestsDuringMaintenance.php(99): Illuminate\\Pipeline\\Pipeline->Illuminate\\Pipeline\\{closure}(Object(Illuminate\\Http\\Request))
#25 C:\\Users\\Administrator\\final-project\\vendor\\laravel\\framework\\src\\Illuminate\\Pipeline\\Pipeline.php(183): Illuminate\\Foundation\\Http\\Middleware\\PreventRequestsDuringMaintenance->handle(Object(Illuminate\\Http\\Request), Object(Closure))
#26 C:\\Users\\Administrator\\final-project\\vendor\\laravel\\framework\\src\\Illuminate\\Http\\Middleware\\HandleCors.php(49): Illuminate\\Pipeline\\Pipeline->Illuminate\\Pipeline\\{closure}(Object(Illuminate\\Http\\Request))
#27 C:\\Users\\Administrator\\final-project\\vendor\\laravel\\framework\\src\\Illuminate\\Pipeline\\Pipeline.php(183): Illuminate\\Http\\Middleware\\HandleCors->handle(Object(Illuminate\\Http\\Request), Object(Closure))
#28 C:\\Users\\Administrator\\final-project\\vendor\\laravel\\framework\\src\\Illuminate\\Http\\Middleware\\TrustProxies.php(39): Illuminate\\Pipeline\\Pipeline->Illuminate\\Pipeline\\{closure}(Object(Illuminate\\Http\\Request))
#29 C:\\Users\\Administrator\\final-project\\vendor\\laravel\\framework\\src\\Illuminate\\Pipeline\\Pipeline.php(183): Illuminate\\Http\\Middleware\\TrustProxies->handle(Object(Illuminate\\Http\\Request), Object(Closure))
#30 C:\\Users\\Administrator\\final-project\\vendor\\laravel\\framework\\src\\Illuminate\\Pipeline\\Pipeline.php(119): Illuminate\\Pipeline\\Pipeline->Illuminate\\Pipeline\\{closure}(Object(Illuminate\\Http\\Request))
#31 C:\\Users\\Administrator\\final-project\\vendor\\laravel\\framework\\src\\Illuminate\\Foundation\\Http\\Kernel.php(175): Illuminate\\Pipeline\\Pipeline->then(Object(Closure))
#32 C:\\Users\\Administrator\\final-project\\vendor\\laravel\\framework\\src\\Illuminate\\Foundation\\Http\\Kernel.php(144): Illuminate\\Foundation\\Http\\Kernel->sendRequestThroughRouter(Object(Illuminate\\Http\\Request))
#33 C:\\Users\\Administrator\\final-project\\public\\index.php(51): Illuminate\\Foundation\\Http\\Kernel->handle(Object(Illuminate\\Http\\Request))
#34 C:\\Users\\Administrator\\final-project\\vendor\\laravel\\framework\\src\\Illuminate\\Foundation\\resources\\server.php(16): require_once('C:\\\\Users\\\\Admini...')
#35 {main}
"} 
[2026-07-12 20:40:26] local.ERROR: Undefined variable $room {"view":{"view":"C:\\Users\\Administrator\\final-project\\Modules\\Adminstration\\resources\\views\\rooms\\doors.blade.php","data":{"errors":"<pre class=sf-dump id=sf-dump-1964900506 data-indent-pad=\"  \"><span class=sf-dump-note>Illuminate\\Support\\ViewErrorBag</span> {<a class=sf-dump-ref>#606</a><samp data-depth=1 class=sf-dump-expanded>
  #<span class=sf-dump-protected title=\"Protected property\">bags</span>: []
</samp>}
</pre><script>Sfdump(\"sf-dump-1964900506\", {\"maxDepth\":3,\"maxStringLength\":160})</script>
","doors":"<pre class=sf-dump id=sf-dump-2129215306 data-indent-pad=\"  \"><span class=sf-dump-note>Illuminate\\Database\\Eloquent\\Collection</span> {<a class=sf-dump-ref>#1620</a><samp data-depth=1 class=sf-dump-expanded>
  #<span class=sf-dump-protected title=\"Protected property\">items</span>: <span class=sf-dump-note>array:1</span> [<samp data-depth=2 class=sf-dump-compact>
    <span class=sf-dump-index>0</span> => <span class=\"sf-dump-note sf-dump-ellipsization\" title=\"App\\Models\\Door
\"><span class=\"sf-dump-ellipsis sf-dump-ellipsis-note\">App\\Models</span><span class=\"sf-dump-ellipsis sf-dump-ellipsis-note\">\\</span><span class=\"sf-dump-ellipsis-tail\">Door</span></span> {<a class=sf-dump-ref>#1623</a><samp data-depth=3 class=sf-dump-compact>
      #<span class=sf-dump-protected title=\"Protected property\">connection</span>: \"<span class=sf-dump-str title=\"5 characters\">mysql</span>\"
      #<span class=sf-dump-protected title=\"Protected property\">table</span>: \"<span class=sf-dump-str title=\"5 characters\">doors</span>\"
      #<span class=sf-dump-protected title=\"Protected property\">primaryKey</span>: \"<span class=sf-dump-str title=\"2 characters\">id</span>\"
      #<span class=sf-dump-protected title=\"Protected property\">keyType</span>: \"<span class=sf-dump-str title=\"3 characters\">int</span>\"
      +<span class=sf-dump-public title=\"Public property\">incrementing</span>: <span class=sf-dump-const>true</span>
      #<span class=sf-dump-protected title=\"Protected property\">with</span>: []
      #<span class=sf-dump-protected title=\"Protected property\">withCount</span>: []
      +<span class=sf-dump-public title=\"Public property\">preventsLazyLoading</span>: <span class=sf-dump-const>false</span>
      #<span class=sf-dump-protected title=\"Protected property\">perPage</span>: <span class=sf-dump-num>15</span>
      +<span class=sf-dump-public title=\"Public property\">exists</span>: <span class=sf-dump-const>true</span>
      +<span class=sf-dump-public title=\"Public property\">wasRecentlyCreated</span>: <span class=sf-dump-const>false</span>
      #<span class=sf-dump-protected title=\"Protected property\">escapeWhenCastingToString</span>: <span class=sf-dump-const>false</span>
      #<span class=sf-dump-protected title=\"Protected property\">attributes</span>: <span class=sf-dump-note>array:9</span> [ &#8230;9]
      #<span class=sf-dump-protected title=\"Protected property\">original</span>: <span class=sf-dump-note>array:9</span> [ &#8230;9]
      #<span class=sf-dump-protected title=\"Protected property\">changes</span>: []
      #<span class=sf-dump-protected title=\"Protected property\">casts</span>: <span class=sf-dump-note>array:1</span> [ &#8230;1]
      #<span class=sf-dump-protected title=\"Protected property\">classCastCache</span>: []
      #<span class=sf-dump-protected title=\"Protected property\">attributeCastCache</span>: []
      #<span class=sf-dump-protected title=\"Protected property\">dateFormat</span>: <span class=sf-dump-const>null</span>
      #<span class=sf-dump-protected title=\"Protected property\">appends</span>: []
      #<span class=sf-dump-protected title=\"Protected property\">dispatchesEvents</span>: []
      #<span class=sf-dump-protected title=\"Protected property\">observables</span>: []
      #<span class=sf-dump-protected title=\"Protected property\">relations</span>: []
      #<span class=sf-dump-protected title=\"Protected property\">touches</span>: []
      +<span class=sf-dump-public title=\"Public property\">timestamps</span>: <span class=sf-dump-const>true</span>
      +<span class=sf-dump-public title=\"Public property\">usesUniqueIds</span>: <span class=sf-dump-const>false</span>
      #<span class=sf-dump-protected title=\"Protected property\">hidden</span>: []
      #<span class=sf-dump-protected title=\"Protected property\">visible</span>: []
      #<span class=sf-dump-protected title=\"Protected property\">fillable</span>: <span class=sf-dump-note>array:2</span> [ &#8230;2]
      #<span class=sf-dump-protected title=\"Protected property\">guarded</span>: <span class=sf-dump-note>array:1</span> [ &#8230;1]
      #<span class=sf-dump-protected title=\"Protected property\">dates</span>: <span class=sf-dump-note>array:1</span> [ &#8230;1]
      #<span class=sf-dump-protected title=\"Protected property\">forceDeleting</span>: <span class=sf-dump-const>false</span>
    </samp>}
  </samp>]
  #<span class=sf-dump-protected title=\"Protected property\">escapeWhenCastingToString</span>: <span class=sf-dump-const>false</span>
</samp>}
</pre><script>Sfdump(\"sf-dump-2129215306\", {\"maxDepth\":3,\"maxStringLength\":160})</script>
","nav_unit_id":"<pre class=sf-dump id=sf-dump-515689335 data-indent-pad=\"  \">\"<span class=sf-dump-str title=\"2 characters\">23</span>\"
</pre><script>Sfdump(\"sf-dump-515689335\", {\"maxDepth\":3,\"maxStringLength\":160})</script>
"}},"userId":2,"exception":"[object] (Spatie\\LaravelIgnition\\Exceptions\\ViewException(code: 0): Undefined variable $room at C:\\Users\\Administrator\\final-project\\Modules\\Adminstration\\resources\\views\\rooms\\doors.blade.php:61)
[stacktrace]
#0 C:\\Users\\Administrator\\final-project\\vendor\\laravel\\framework\\src\\Illuminate\\Filesystem\\Filesystem.php(123): require('C:\\\\Users\\\\Admini...')
#1 C:\\Users\\Administrator\\final-project\\vendor\\laravel\\framework\\src\\Illuminate\\Filesystem\\Filesystem.php(124): Illuminate\\Filesystem\\Filesystem::Illuminate\\Filesystem\\{closure}()
#2 C:\\Users\\Administrator\\final-project\\vendor\\laravel\\framework\\src\\Illuminate\\View\\Engines\\PhpEngine.php(58): Illuminate\\Filesystem\\Filesystem->getRequire('C:\\\\Users\\\\Admini...', Array)
#3 C:\\Users\\Administrator\\final-project\\vendor\\laravel\\framework\\src\\Illuminate\\View\\Engines\\CompilerEngine.php(72): Illuminate\\View\\Engines\\PhpEngine->evaluatePath('C:\\\\Users\\\\Admini...', Array)
#4 C:\\Users\\Administrator\\final-project\\vendor\\laravel\\framework\\src\\Illuminate\\View\\View.php(207): Illuminate\\View\\Engines\\CompilerEngine->get('C:\\\\Users\\\\Admini...', Array)
#5 C:\\Users\\Administrator\\final-project\\vendor\\laravel\\framework\\src\\Illuminate\\View\\View.php(190): Illuminate\\View\\View->getContents()
#6 C:\\Users\\Administrator\\final-project\\vendor\\laravel\\framework\\src\\Illuminate\\View\\View.php(159): Illuminate\\View\\View->renderContents()
#7 C:\\Users\\Administrator\\final-project\\vendor\\laravel\\framework\\src\\Illuminate\\Http\\Response.php(69): Illuminate\\View\\View->render()
#8 C:\\Users\\Administrator\\final-project\\vendor\\laravel\\framework\\src\\Illuminate\\Http\\Response.php(35): Illuminate\\Http\\Response->setContent(Object(Illuminate\\View\\View))
#9 C:\\Users\\Administrator\\final-project\\vendor\\laravel\\framework\\src\\Illuminate\\Routing\\Router.php(918): Illuminate\\Http\\Response->__construct(Object(Illuminate\\View\\View), 200, Array)
#10 C:\\Users\\Administrator\\final-project\\vendor\\laravel\\framework\\src\\Illuminate\\Routing\\Router.php(885): Illuminate\\Routing\\Router::toResponse(Object(Illuminate\\Http\\Request), Object(Illuminate\\View\\View))
#11 C:\\Users\\Administrator\\final-project\\vendor\\laravel\\framework\\src\\Illuminate\\Routing\\Router.php(805): Illuminate\\Routing\\Router->prepareResponse(Object(Illuminate\\Http\\Request), Object(Illuminate\\View\\View))
#12 C:\\Users\\Administrator\\final-project\\vendor\\laravel\\framework\\src\\Illuminate\\Pipeline\\Pipeline.php(144): Illuminate\\Routing\\Router->Illuminate\\Routing\\{closure}(Object(Illuminate\\Http\\Request))
#13 C:\\Users\\Administrator\\final-project\\vendor\\laravel\\framework\\src\\Illuminate\\Routing\\Middleware\\SubstituteBindings.php(50): Illuminate\\Pipeline\\Pipeline->Illuminate\\Pipeline\\{closure}(Object(Illuminate\\Http\\Request))
#14 C:\\Users\\Administrator\\final-project\\vendor\\laravel\\framework\\src\\Illuminate\\Pipeline\\Pipeline.php(183): Illuminate\\Routing\\Middleware\\SubstituteBindings->handle(Object(Illuminate\\Http\\Request), Object(Closure))
#15 C:\\Users\\Administrator\\final-project\\vendor\\laravel\\framework\\src\\Illuminate\\Auth\\Middleware\\Authenticate.php(57): Illuminate\\Pipeline\\Pipeline->Illuminate\\Pipeline\\{closure}(Object(Illuminate\\Http\\Request))
#16 C:\\Users\\Administrator\\final-project\\vendor\\laravel\\framework\\src\\Illuminate\\Pipeline\\Pipeline.php(183): Illuminate\\Auth\\Middleware\\Authenticate->handle(Object(Illuminate\\Http\\Request), Object(Closure))
#17 C:\\Users\\Administrator\\final-project\\vendor\\laravel\\framework\\src\\Illuminate\\Foundation\\Http\\Middleware\\VerifyCsrfToken.php(78): Illuminate\\Pipeline\\Pipeline->Illuminate\\Pipeline\\{closure}(Object(Illuminate\\Http\\Request))
#18 C:\\Users\\Administrator\\final-project\\vendor\\laravel\\framework\\src\\Illuminate\\Pipeline\\Pipeline.php(183): Illuminate\\Foundation\\Http\\Middleware\\VerifyCsrfToken->handle(Object(Illuminate\\Http\\Request), Object(Closure))
#19 C:\\Users\\Administrator\\final-project\\vendor\\laravel\\framework\\src\\Illuminate\\View\\Middleware\\ShareErrorsFromSession.php(49): Illuminate\\Pipeline\\Pipeline->Illuminate\\Pipeline\\{closure}(Object(Illuminate\\Http\\Request))
#20 C:\\Users\\Administrator\\final-project\\vendor\\laravel\\framework\\src\\Illuminate\\Pipeline\\Pipeline.php(183): Illuminate\\View\\Middleware\\ShareErrorsFromSession->handle(Object(Illuminate\\Http\\Request), Object(Closure))
#21 C:\\Users\\Administrator\\final-project\\vendor\\laravel\\framework\\src\\Illuminate\\Session\\Middleware\\StartSession.php(121): Illuminate\\Pipeline\\Pipeline->Illuminate\\Pipeline\\{closure}(Object(Illuminate\\Http\\Request))
#22 C:\\Users\\Administrator\\final-project\\vendor\\laravel\\framework\\src\\Illuminate\\Session\\Middleware\\StartSession.php(64): Illuminate\\Session\\Middleware\\StartSession->handleStatefulRequest(Object(Illuminate\\Http\\Request), Object(Illuminate\\Session\\Store), Object(Closure))
#23 C:\\Users\\Administrator\\final-project\\vendor\\laravel\\framework\\src\\Illuminate\\Pipeline\\Pipeline.php(183): Illuminate\\Session\\Middleware\\StartSession->handle(Object(Illuminate\\Http\\Request), Object(Closure))
#24 C:\\Users\\Administrator\\final-project\\vendor\\laravel\\framework\\src\\Illuminate\\Cookie\\Middleware\\AddQueuedCookiesToResponse.php(37): Illuminate\\Pipeline\\Pipeline->Illuminate\\Pipeline\\{closure}(Object(Illuminate\\Http\\Request))
#25 C:\\Users\\Administrator\\final-project\\vendor\\laravel\\framework\\src\\Illuminate\\Pipeline\\Pipeline.php(183): Illuminate\\Cookie\\Middleware\\AddQueuedCookiesToResponse->handle(Object(Illuminate\\Http\\Request), Object(Closure))
#26 C:\\Users\\Administrator\\final-project\\vendor\\laravel\\framework\\src\\Illuminate\\Cookie\\Middleware\\EncryptCookies.php(67): Illuminate\\Pipeline\\Pipeline->Illuminate\\Pipeline\\{closure}(Object(Illuminate\\Http\\Request))
#27 C:\\Users\\Administrator\\final-project\\vendor\\laravel\\framework\\src\\Illuminate\\Pipeline\\Pipeline.php(183): Illuminate\\Cookie\\Middleware\\EncryptCookies->handle(Object(Illuminate\\Http\\Request), Object(Closure))
#28 C:\\Users\\Administrator\\final-project\\vendor\\laravel\\framework\\src\\Illuminate\\Pipeline\\Pipeline.php(119): Illuminate\\Pipeline\\Pipeline->Illuminate\\Pipeline\\{closure}(Object(Illuminate\\Http\\Request))
#29 C:\\Users\\Administrator\\final-project\\vendor\\laravel\\framework\\src\\Illuminate\\Routing\\Router.php(805): Illuminate\\Pipeline\\Pipeline->then(Object(Closure))
#30 C:\\Users\\Administrator\\final-project\\vendor\\laravel\\framework\\src\\Illuminate\\Routing\\Router.php(784): Illuminate\\Routing\\Router->runRouteWithinStack(Object(Illuminate\\Routing\\Route), Object(Illuminate\\Http\\Request))
#31 C:\\Users\\Administrator\\final-project\\vendor\\laravel\\framework\\src\\Illuminate\\Routing\\Router.php(748): Illuminate\\Routing\\Router->runRoute(Object(Illuminate\\Http\\Request), Object(Illuminate\\Routing\\Route))
#32 C:\\Users\\Administrator\\final-project\\vendor\\laravel\\framework\\src\\Illuminate\\Routing\\Router.php(737): Illuminate\\Routing\\Router->dispatchToRoute(Object(Illuminate\\Http\\Request))
#33 C:\\Users\\Administrator\\final-project\\vendor\\laravel\\framework\\src\\Illuminate\\Foundation\\Http\\Kernel.php(200): Illuminate\\Routing\\Router->dispatch(Object(Illuminate\\Http\\Request))
#34 C:\\Users\\Administrator\\final-project\\vendor\\laravel\\framework\\src\\Illuminate\\Pipeline\\Pipeline.php(144): Illuminate\\Foundation\\Http\\Kernel->Illuminate\\Foundation\\Http\\{closure}(Object(Illuminate\\Http\\Request))
#35 C:\\Users\\Administrator\\final-project\\vendor\\laravel\\framework\\src\\Illuminate\\Foundation\\Http\\Middleware\\TransformsRequest.php(21): Illuminate\\Pipeline\\Pipeline->Illuminate\\Pipeline\\{closure}(Object(Illuminate\\Http\\Request))
#36 C:\\Users\\Administrator\\final-project\\vendor\\laravel\\framework\\src\\Illuminate\\Foundation\\Http\\Middleware\\ConvertEmptyStringsToNull.php(31): Illuminate\\Foundation\\Http\\Middleware\\TransformsRequest->handle(Object(Illuminate\\Http\\Request), Object(Closure))
#37 C:\\Users\\Administrator\\final-project\\vendor\\laravel\\framework\\src\\Illuminate\\Pipeline\\Pipeline.php(183): Illuminate\\Foundation\\Http\\Middleware\\ConvertEmptyStringsToNull->handle(Object(Illuminate\\Http\\Request), Object(Closure))
#38 C:\\Users\\Administrator\\final-project\\vendor\\laravel\\framework\\src\\Illuminate\\Foundation\\Http\\Middleware\\TransformsRequest.php(21): Illuminate\\Pipeline\\Pipeline->Illuminate\\Pipeline\\{closure}(Object(Illuminate\\Http\\Request))
#39 C:\\Users\\Administrator\\final-project\\vendor\\laravel\\framework\\src\\Illuminate\\Foundation\\Http\\Middleware\\TrimStrings.php(40): Illuminate\\Foundation\\Http\\Middleware\\TransformsRequest->handle(Object(Illuminate\\Http\\Request), Object(Closure))
#40 C:\\Users\\Administrator\\final-project\\vendor\\laravel\\framework\\src\\Illuminate\\Pipeline\\Pipeline.php(183): Illuminate\\Foundation\\Http\\Middleware\\TrimStrings->handle(Object(Illuminate\\Http\\Request), Object(Closure))
#41 C:\\Users\\Administrator\\final-project\\vendor\\laravel\\framework\\src\\Illuminate\\Foundation\\Http\\Middleware\\ValidatePostSize.php(27): Illuminate\\Pipeline\\Pipeline->Illuminate\\Pipeline\\{closure}(Object(Illuminate\\Http\\Request))
#42 C:\\Users\\Administrator\\final-project\\vendor\\laravel\\framework\\src\\Illuminate\\Pipeline\\Pipeline.php(183): Illuminate\\Foundation\\Http\\Middleware\\ValidatePostSize->handle(Object(Illuminate\\Http\\Request), Object(Closure))
#43 C:\\Users\\Administrator\\final-project\\vendor\\laravel\\framework\\src\\Illuminate\\Foundation\\Http\\Middleware\\PreventRequestsDuringMaintenance.php(99): Illuminate\\Pipeline\\Pipeline->Illuminate\\Pipeline\\{closure}(Object(Illuminate\\Http\\Request))
#44 C:\\Users\\Administrator\\final-project\\vendor\\laravel\\framework\\src\\Illuminate\\Pipeline\\Pipeline.php(183): Illuminate\\Foundation\\Http\\Middleware\\PreventRequestsDuringMaintenance->handle(Object(Illuminate\\Http\\Request), Object(Closure))
#45 C:\\Users\\Administrator\\final-project\\vendor\\laravel\\framework\\src\\Illuminate\\Http\\Middleware\\HandleCors.php(49): Illuminate\\Pipeline\\Pipeline->Illuminate\\Pipeline\\{closure}(Object(Illuminate\\Http\\Request))
#46 C:\\Users\\Administrator\\final-project\\vendor\\laravel\\framework\\src\\Illuminate\\Pipeline\\Pipeline.php(183): Illuminate\\Http\\Middleware\\HandleCors->handle(Object(Illuminate\\Http\\Request), Object(Closure))
#47 C:\\Users\\Administrator\\final-project\\vendor\\laravel\\framework\\src\\Illuminate\\Http\\Middleware\\TrustProxies.php(39): Illuminate\\Pipeline\\Pipeline->Illuminate\\Pipeline\\{closure}(Object(Illuminate\\Http\\Request))
#48 C:\\Users\\Administrator\\final-project\\vendor\\laravel\\framework\\src\\Illuminate\\Pipeline\\Pipeline.php(183): Illuminate\\Http\\Middleware\\TrustProxies->handle(Object(Illuminate\\Http\\Request), Object(Closure))
#49 C:\\Users\\Administrator\\final-project\\vendor\\laravel\\framework\\src\\Illuminate\\Pipeline\\Pipeline.php(119): Illuminate\\Pipeline\\Pipeline->Illuminate\\Pipeline\\{closure}(Object(Illuminate\\Http\\Request))
#50 C:\\Users\\Administrator\\final-project\\vendor\\laravel\\framework\\src\\Illuminate\\Foundation\\Http\\Kernel.php(175): Illuminate\\Pipeline\\Pipeline->then(Object(Closure))
#51 C:\\Users\\Administrator\\final-project\\vendor\\laravel\\framework\\src\\Illuminate\\Foundation\\Http\\Kernel.php(144): Illuminate\\Foundation\\Http\\Kernel->sendRequestThroughRouter(Object(Illuminate\\Http\\Request))
#52 C:\\Users\\Administrator\\final-project\\public\\index.php(51): Illuminate\\Foundation\\Http\\Kernel->handle(Object(Illuminate\\Http\\Request))
#53 C:\\Users\\Administrator\\final-project\\vendor\\laravel\\framework\\src\\Illuminate\\Foundation\\resources\\server.php(16): require_once('C:\\\\Users\\\\Admini...')
#54 {main}

[previous exception] [object] (ErrorException(code: 0): Undefined variable $room at C:\\Users\\Administrator\\final-project\\storage\\framework\\views\\6e34eee670e242b5324c8ec1591c31e7.php:60)
[stacktrace]
#0 C:\\Users\\Administrator\\final-project\\vendor\\laravel\\framework\\src\\Illuminate\\Foundation\\Bootstrap\\HandleExceptions.php(255): Illuminate\\Foundation\\Bootstrap\\HandleExceptions->handleError(2, 'Undefined varia...', 'C:\\\\Users\\\\Admini...', 60)
#1 C:\\Users\\Administrator\\final-project\\storage\\framework\\views\\6e34eee670e242b5324c8ec1591c31e7.php(60): Illuminate\\Foundation\\Bootstrap\\HandleExceptions->Illuminate\\Foundation\\Bootstrap\\{closure}(2, 'Undefined varia...', 'C:\\\\Users\\\\Admini...', 60)
#2 C:\\Users\\Administrator\\final-project\\vendor\\laravel\\framework\\src\\Illuminate\\Filesystem\\Filesystem.php(123): require('C:\\\\Users\\\\Admini...')
#3 C:\\Users\\Administrator\\final-project\\vendor\\laravel\\framework\\src\\Illuminate\\Filesystem\\Filesystem.php(124): Illuminate\\Filesystem\\Filesystem::Illuminate\\Filesystem\\{closure}()
#4 C:\\Users\\Administrator\\final-project\\vendor\\laravel\\framework\\src\\Illuminate\\View\\Engines\\PhpEngine.php(58): Illuminate\\Filesystem\\Filesystem->getRequire('C:\\\\Users\\\\Admini...', Array)
#5 C:\\Users\\Administrator\\final-project\\vendor\\laravel\\framework\\src\\Illuminate\\View\\Engines\\CompilerEngine.php(72): Illuminate\\View\\Engines\\PhpEngine->evaluatePath('C:\\\\Users\\\\Admini...', Array)
#6 C:\\Users\\Administrator\\final-project\\vendor\\laravel\\framework\\src\\Illuminate\\View\\View.php(207): Illuminate\\View\\Engines\\CompilerEngine->get('C:\\\\Users\\\\Admini...', Array)
#7 C:\\Users\\Administrator\\final-project\\vendor\\laravel\\framework\\src\\Illuminate\\View\\View.php(190): Illuminate\\View\\View->getContents()
#8 C:\\Users\\Administrator\\final-project\\vendor\\laravel\\framework\\src\\Illuminate\\View\\View.php(159): Illuminate\\View\\View->renderContents()
#9 C:\\Users\\Administrator\\final-project\\vendor\\laravel\\framework\\src\\Illuminate\\Http\\Response.php(69): Illuminate\\View\\View->render()
#10 C:\\Users\\Administrator\\final-project\\vendor\\laravel\\framework\\src\\Illuminate\\Http\\Response.php(35): Illuminate\\Http\\Response->setContent(Object(Illuminate\\View\\View))
#11 C:\\Users\\Administrator\\final-project\\vendor\\laravel\\framework\\src\\Illuminate\\Routing\\Router.php(918): Illuminate\\Http\\Response->__construct(Object(Illuminate\\View\\View), 200, Array)
#12 C:\\Users\\Administrator\\final-project\\vendor\\laravel\\framework\\src\\Illuminate\\Routing\\Router.php(885): Illuminate\\Routing\\Router::toResponse(Object(Illuminate\\Http\\Request), Object(Illuminate\\View\\View))
#13 C:\\Users\\Administrator\\final-project\\vendor\\laravel\\framework\\src\\Illuminate\\Routing\\Router.php(805): Illuminate\\Routing\\Router->prepareResponse(Object(Illuminate\\Http\\Request), Object(Illuminate\\View\\View))
#14 C:\\Users\\Administrator\\final-project\\vendor\\laravel\\framework\\src\\Illuminate\\Pipeline\\Pipeline.php(144): Illuminate\\Routing\\Router->Illuminate\\Routing\\{closure}(Object(Illuminate\\Http\\Request))
#15 C:\\Users\\Administrator\\final-project\\vendor\\laravel\\framework\\src\\Illuminate\\Routing\\Middleware\\SubstituteBindings.php(50): Illuminate\\Pipeline\\Pipeline->Illuminate\\Pipeline\\{closure}(Object(Illuminate\\Http\\Request))
#16 C:\\Users\\Administrator\\final-project\\vendor\\laravel\\framework\\src\\Illuminate\\Pipeline\\Pipeline.php(183): Illuminate\\Routing\\Middleware\\SubstituteBindings->handle(Object(Illuminate\\Http\\Request), Object(Closure))
#17 C:\\Users\\Administrator\\final-project\\vendor\\laravel\\framework\\src\\Illuminate\\Auth\\Middleware\\Authenticate.php(57): Illuminate\\Pipeline\\Pipeline->Illuminate\\Pipeline\\{closure}(Object(Illuminate\\Http\\Request))
#18 C:\\Users\\Administrator\\final-project\\vendor\\laravel\\framework\\src\\Illuminate\\Pipeline\\Pipeline.php(183): Illuminate\\Auth\\Middleware\\Authenticate->handle(Object(Illuminate\\Http\\Request), Object(Closure))
#19 C:\\Users\\Administrator\\final-project\\vendor\\laravel\\framework\\src\\Illuminate\\Foundation\\Http\\Middleware\\VerifyCsrfToken.php(78): Illuminate\\Pipeline\\Pipeline->Illuminate\\Pipeline\\{closure}(Object(Illuminate\\Http\\Request))
#20 C:\\Users\\Administrator\\final-project\\vendor\\laravel\\framework\\src\\Illuminate\\Pipeline\\Pipeline.php(183): Illuminate\\Foundation\\Http\\Middleware\\VerifyCsrfToken->handle(Object(Illuminate\\Http\\Request), Object(Closure))
#21 C:\\Users\\Administrator\\final-project\\vendor\\laravel\\framework\\src\\Illuminate\\View\\Middleware\\ShareErrorsFromSession.php(49): Illuminate\\Pipeline\\Pipeline->Illuminate\\Pipeline\\{closure}(Object(Illuminate\\Http\\Request))
#22 C:\\Users\\Administrator\\final-project\\vendor\\laravel\\framework\\src\\Illuminate\\Pipeline\\Pipeline.php(183): Illuminate\\View\\Middleware\\ShareErrorsFromSession->handle(Object(Illuminate\\Http\\Request), Object(Closure))
#23 C:\\Users\\Administrator\\final-project\\vendor\\laravel\\framework\\src\\Illuminate\\Session\\Middleware\\StartSession.php(121): Illuminate\\Pipeline\\Pipeline->Illuminate\\Pipeline\\{closure}(Object(Illuminate\\Http\\Request))
#24 C:\\Users\\Administrator\\final-project\\vendor\\laravel\\framework\\src\\Illuminate\\Session\\Middleware\\StartSession.php(64): Illuminate\\Session\\Middleware\\StartSession->handleStatefulRequest(Object(Illuminate\\Http\\Request), Object(Illuminate\\Session\\Store), Object(Closure))
#25 C:\\Users\\Administrator\\final-project\\vendor\\laravel\\framework\\src\\Illuminate\\Pipeline\\Pipeline.php(183): Illuminate\\Session\\Middleware\\StartSession->handle(Object(Illuminate\\Http\\Request), Object(Closure))
#26 C:\\Users\\Administrator\\final-project\\vendor\\laravel\\framework\\src\\Illuminate\\Cookie\\Middleware\\AddQueuedCookiesToResponse.php(37): Illuminate\\Pipeline\\Pipeline->Illuminate\\Pipeline\\{closure}(Object(Illuminate\\Http\\Request))
#27 C:\\Users\\Administrator\\final-project\\vendor\\laravel\\framework\\src\\Illuminate\\Pipeline\\Pipeline.php(183): Illuminate\\Cookie\\Middleware\\AddQueuedCookiesToResponse->handle(Object(Illuminate\\Http\\Request), Object(Closure))
#28 C:\\Users\\Administrator\\final-project\\vendor\\laravel\\framework\\src\\Illuminate\\Cookie\\Middleware\\EncryptCookies.php(67): Illuminate\\Pipeline\\Pipeline->Illuminate\\Pipeline\\{closure}(Object(Illuminate\\Http\\Request))
#29 C:\\Users\\Administrator\\final-project\\vendor\\laravel\\framework\\src\\Illuminate\\Pipeline\\Pipeline.php(183): Illuminate\\Cookie\\Middleware\\EncryptCookies->handle(Object(Illuminate\\Http\\Request), Object(Closure))
#30 C:\\Users\\Administrator\\final-project\\vendor\\laravel\\framework\\src\\Illuminate\\Pipeline\\Pipeline.php(119): Illuminate\\Pipeline\\Pipeline->Illuminate\\Pipeline\\{closure}(Object(Illuminate\\Http\\Request))
#31 C:\\Users\\Administrator\\final-project\\vendor\\laravel\\framework\\src\\Illuminate\\Routing\\Router.php(805): Illuminate\\Pipeline\\Pipeline->then(Object(Closure))
#32 C:\\Users\\Administrator\\final-project\\vendor\\laravel\\framework\\src\\Illuminate\\Routing\\Router.php(784): Illuminate\\Routing\\Router->runRouteWithinStack(Object(Illuminate\\Routing\\Route), Object(Illuminate\\Http\\Request))
#33 C:\\Users\\Administrator\\final-project\\vendor\\laravel\\framework\\src\\Illuminate\\Routing\\Router.php(748): Illuminate\\Routing\\Router->runRoute(Object(Illuminate\\Http\\Request), Object(Illuminate\\Routing\\Route))
#34 C:\\Users\\Administrator\\final-project\\vendor\\laravel\\framework\\src\\Illuminate\\Routing\\Router.php(737): Illuminate\\Routing\\Router->dispatchToRoute(Object(Illuminate\\Http\\Request))
#35 C:\\Users\\Administrator\\final-project\\vendor\\laravel\\framework\\src\\Illuminate\\Foundation\\Http\\Kernel.php(200): Illuminate\\Routing\\Router->dispatch(Object(Illuminate\\Http\\Request))
#36 C:\\Users\\Administrator\\final-project\\vendor\\laravel\\framework\\src\\Illuminate\\Pipeline\\Pipeline.php(144): Illuminate\\Foundation\\Http\\Kernel->Illuminate\\Foundation\\Http\\{closure}(Object(Illuminate\\Http\\Request))
#37 C:\\Users\\Administrator\\final-project\\vendor\\laravel\\framework\\src\\Illuminate\\Foundation\\Http\\Middleware\\TransformsRequest.php(21): Illuminate\\Pipeline\\Pipeline->Illuminate\\Pipeline\\{closure}(Object(Illuminate\\Http\\Request))
#38 C:\\Users\\Administrator\\final-project\\vendor\\laravel\\framework\\src\\Illuminate\\Foundation\\Http\\Middleware\\ConvertEmptyStringsToNull.php(31): Illuminate\\Foundation\\Http\\Middleware\\TransformsRequest->handle(Object(Illuminate\\Http\\Request), Object(Closure))
#39 C:\\Users\\Administrator\\final-project\\vendor\\laravel\\framework\\src\\Illuminate\\Pipeline\\Pipeline.php(183): Illuminate\\Foundation\\Http\\Middleware\\ConvertEmptyStringsToNull->handle(Object(Illuminate\\Http\\Request), Object(Closure))
#40 C:\\Users\\Administrator\\final-project\\vendor\\laravel\\framework\\src\\Illuminate\\Foundation\\Http\\Middleware\\TransformsRequest.php(21): Illuminate\\Pipeline\\Pipeline->Illuminate\\Pipeline\\{closure}(Object(Illuminate\\Http\\Request))
#41 C:\\Users\\Administrator\\final-project\\vendor\\laravel\\framework\\src\\Illuminate\\Foundation\\Http\\Middleware\\TrimStrings.php(40): Illuminate\\Foundation\\Http\\Middleware\\TransformsRequest->handle(Object(Illuminate\\Http\\Request), Object(Closure))
#42 C:\\Users\\Administrator\\final-project\\vendor\\laravel\\framework\\src\\Illuminate\\Pipeline\\Pipeline.php(183): Illuminate\\Foundation\\Http\\Middleware\\TrimStrings->handle(Object(Illuminate\\Http\\Request), Object(Closure))
#43 C:\\Users\\Administrator\\final-project\\vendor\\laravel\\framework\\src\\Illuminate\\Foundation\\Http\\Middleware\\ValidatePostSize.php(27): Illuminate\\Pipeline\\Pipeline->Illuminate\\Pipeline\\{closure}(Object(Illuminate\\Http\\Request))
#44 C:\\Users\\Administrator\\final-project\\vendor\\laravel\\framework\\src\\Illuminate\\Pipeline\\Pipeline.php(183): Illuminate\\Foundation\\Http\\Middleware\\ValidatePostSize->handle(Object(Illuminate\\Http\\Request), Object(Closure))
#45 C:\\Users\\Administrator\\final-project\\vendor\\laravel\\framework\\src\\Illuminate\\Foundation\\Http\\Middleware\\PreventRequestsDuringMaintenance.php(99): Illuminate\\Pipeline\\Pipeline->Illuminate\\Pipeline\\{closure}(Object(Illuminate\\Http\\Request))
#46 C:\\Users\\Administrator\\final-project\\vendor\\laravel\\framework\\src\\Illuminate\\Pipeline\\Pipeline.php(183): Illuminate\\Foundation\\Http\\Middleware\\PreventRequestsDuringMaintenance->handle(Object(Illuminate\\Http\\Request), Object(Closure))
#47 C:\\Users\\Administrator\\final-project\\vendor\\laravel\\framework\\src\\Illuminate\\Http\\Middleware\\HandleCors.php(49): Illuminate\\Pipeline\\Pipeline->Illuminate\\Pipeline\\{closure}(Object(Illuminate\\Http\\Request))
#48 C:\\Users\\Administrator\\final-project\\vendor\\laravel\\framework\\src\\Illuminate\\Pipeline\\Pipeline.php(183): Illuminate\\Http\\Middleware\\HandleCors->handle(Object(Illuminate\\Http\\Request), Object(Closure))
#49 C:\\Users\\Administrator\\final-project\\vendor\\laravel\\framework\\src\\Illuminate\\Http\\Middleware\\TrustProxies.php(39): Illuminate\\Pipeline\\Pipeline->Illuminate\\Pipeline\\{closure}(Object(Illuminate\\Http\\Request))
#50 C:\\Users\\Administrator\\final-project\\vendor\\laravel\\framework\\src\\Illuminate\\Pipeline\\Pipeline.php(183): Illuminate\\Http\\Middleware\\TrustProxies->handle(Object(Illuminate\\Http\\Request), Object(Closure))
#51 C:\\Users\\Administrator\\final-project\\vendor\\laravel\\framework\\src\\Illuminate\\Pipeline\\Pipeline.php(119): Illuminate\\Pipeline\\Pipeline->Illuminate\\Pipeline\\{closure}(Object(Illuminate\\Http\\Request))
#52 C:\\Users\\Administrator\\final-project\\vendor\\laravel\\framework\\src\\Illuminate\\Foundation\\Http\\Kernel.php(175): Illuminate\\Pipeline\\Pipeline->then(Object(Closure))
#53 C:\\Users\\Administrator\\final-project\\vendor\\laravel\\framework\\src\\Illuminate\\Foundation\\Http\\Kernel.php(144): Illuminate\\Foundation\\Http\\Kernel->sendRequestThroughRouter(Object(Illuminate\\Http\\Request))
#54 C:\\Users\\Administrator\\final-project\\public\\index.php(51): Illuminate\\Foundation\\Http\\Kernel->handle(Object(Illuminate\\Http\\Request))
#55 C:\\Users\\Administrator\\final-project\\vendor\\laravel\\framework\\src\\Illuminate\\Foundation\\resources\\server.php(16): require_once('C:\\\\Users\\\\Admini...')
#56 {main}
"} 
[2026-07-12 20:43:25] local.ERROR: Trying to access array offset on null {"view":{"view":"C:\\Users\\Administrator\\final-project\\Modules\\Adminstration\\resources\\views\\layouts\\admin_master.blade.php","data":{"errors":"<pre class=sf-dump id=sf-dump-391390099 data-indent-pad=\"  \"><span class=sf-dump-note>Illuminate\\Support\\ViewErrorBag</span> {<a class=sf-dump-ref>#606</a><samp data-depth=1 class=sf-dump-expanded>
  #<span class=sf-dump-protected title=\"Protected property\">bags</span>: []
</samp>}
</pre><script>Sfdump(\"sf-dump-391390099\", {\"maxDepth\":3,\"maxStringLength\":160})</script>
","doors":"<pre class=sf-dump id=sf-dump-394707989 data-indent-pad=\"  \"><span class=sf-dump-note>Illuminate\\Database\\Eloquent\\Collection</span> {<a class=sf-dump-ref>#1622</a><samp data-depth=1 class=sf-dump-expanded>
  #<span class=sf-dump-protected title=\"Protected property\">items</span>: []
  #<span class=sf-dump-protected title=\"Protected property\">escapeWhenCastingToString</span>: <span class=sf-dump-const>false</span>
</samp>}
</pre><script>Sfdump(\"sf-dump-394707989\", {\"maxDepth\":3,\"maxStringLength\":160})</script>
","nav_unit_id":"<pre class=sf-dump id=sf-dump-1288196053 data-indent-pad=\"  \">b\"<span class=sf-dump-str title=\"6 binary or non-UTF-8 characters\">j&#231;b&#162;jw</span>\"
</pre><script>Sfdump(\"sf-dump-1288196053\", {\"maxDepth\":3,\"maxStringLength\":160})</script>
","__currentLoopData":"<pre class=sf-dump id=sf-dump-1711302573 data-indent-pad=\"  \"><span class=sf-dump-note>Illuminate\\Database\\Eloquent\\Collection</span> {<a class=sf-dump-ref>#1622</a><samp data-depth=1 class=sf-dump-expanded>
  #<span class=sf-dump-protected title=\"Protected property\">items</span>: []
  #<span class=sf-dump-protected title=\"Protected property\">escapeWhenCastingToString</span>: <span class=sf-dump-const>false</span>
</samp>}
</pre><script>Sfdump(\"sf-dump-1711302573\", {\"maxDepth\":3,\"maxStringLength\":160})</script>
","loop":"<pre class=sf-dump id=sf-dump-1760435203 data-indent-pad=\"  \"><span class=sf-dump-const>null</span>
</pre><script>Sfdump(\"sf-dump-1760435203\", {\"maxDepth\":3,\"maxStringLength\":160})</script>
"}},"userId":2,"exception":"[object] (Spatie\\LaravelIgnition\\Exceptions\\ViewException(code: 0): Trying to access array offset on null at C:\\Users\\Administrator\\final-project\\Modules\\Adminstration\\resources\\views\\layouts\\admin_master.blade.php:145)
[stacktrace]
#0 C:\\Users\\Administrator\\final-project\\vendor\\laravel\\framework\\src\\Illuminate\\Filesystem\\Filesystem.php(123): require('C:\\\\Users\\\\Admini...')
#1 C:\\Users\\Administrator\\final-project\\vendor\\laravel\\framework\\src\\Illuminate\\Filesystem\\Filesystem.php(124): Illuminate\\Filesystem\\Filesystem::Illuminate\\Filesystem\\{closure}()
#2 C:\\Users\\Administrator\\final-project\\vendor\\laravel\\framework\\src\\Illuminate\\View\\Engines\\PhpEngine.php(58): Illuminate\\Filesystem\\Filesystem->getRequire('C:\\\\Users\\\\Admini...', Array)
#3 C:\\Users\\Administrator\\final-project\\vendor\\laravel\\framework\\src\\Illuminate\\View\\Engines\\CompilerEngine.php(72): Illuminate\\View\\Engines\\PhpEngine->evaluatePath('C:\\\\Users\\\\Admini...', Array)
#4 C:\\Users\\Administrator\\final-project\\vendor\\laravel\\framework\\src\\Illuminate\\View\\View.php(207): Illuminate\\View\\Engines\\CompilerEngine->get('C:\\\\Users\\\\Admini...', Array)
#5 C:\\Users\\Administrator\\final-project\\vendor\\laravel\\framework\\src\\Illuminate\\View\\View.php(190): Illuminate\\View\\View->getContents()
#6 C:\\Users\\Administrator\\final-project\\vendor\\laravel\\framework\\src\\Illuminate\\View\\View.php(159): Illuminate\\View\\View->renderContents()
#7 C:\\Users\\Administrator\\final-project\\Modules\\Adminstration\\resources\\views\\rooms\\doors.blade.php(85): Illuminate\\View\\View->render()
#8 C:\\Users\\Administrator\\final-project\\vendor\\laravel\\framework\\src\\Illuminate\\Filesystem\\Filesystem.php(123): require('C:\\\\Users\\\\Admini...')
#9 C:\\Users\\Administrator\\final-project\\vendor\\laravel\\framework\\src\\Illuminate\\Filesystem\\Filesystem.php(124): Illuminate\\Filesystem\\Filesystem::Illuminate\\Filesystem\\{closure}()
#10 C:\\Users\\Administrator\\final-project\\vendor\\laravel\\framework\\src\\Illuminate\\View\\Engines\\PhpEngine.php(58): Illuminate\\Filesystem\\Filesystem->getRequire('C:\\\\Users\\\\Admini...', Array)
#11 C:\\Users\\Administrator\\final-project\\vendor\\laravel\\framework\\src\\Illuminate\\View\\Engines\\CompilerEngine.php(72): Illuminate\\View\\Engines\\PhpEngine->evaluatePath('C:\\\\Users\\\\Admini...', Array)
#12 C:\\Users\\Administrator\\final-project\\vendor\\laravel\\framework\\src\\Illuminate\\View\\View.php(207): Illuminate\\View\\Engines\\CompilerEngine->get('C:\\\\Users\\\\Admini...', Array)
#13 C:\\Users\\Administrator\\final-project\\vendor\\laravel\\framework\\src\\Illuminate\\View\\View.php(190): Illuminate\\View\\View->getContents()
#14 C:\\Users\\Administrator\\final-project\\vendor\\laravel\\framework\\src\\Illuminate\\View\\View.php(159): Illuminate\\View\\View->renderContents()
#15 C:\\Users\\Administrator\\final-project\\vendor\\laravel\\framework\\src\\Illuminate\\Http\\Response.php(69): Illuminate\\View\\View->render()
#16 C:\\Users\\Administrator\\final-project\\vendor\\laravel\\framework\\src\\Illuminate\\Http\\Response.php(35): Illuminate\\Http\\Response->setContent(Object(Illuminate\\View\\View))
#17 C:\\Users\\Administrator\\final-project\\vendor\\laravel\\framework\\src\\Illuminate\\Routing\\Router.php(918): Illuminate\\Http\\Response->__construct(Object(Illuminate\\View\\View), 200, Array)
#18 C:\\Users\\Administrator\\final-project\\vendor\\laravel\\framework\\src\\Illuminate\\Routing\\Router.php(885): Illuminate\\Routing\\Router::toResponse(Object(Illuminate\\Http\\Request), Object(Illuminate\\View\\View))
#19 C:\\Users\\Administrator\\final-project\\vendor\\laravel\\framework\\src\\Illuminate\\Routing\\Router.php(805): Illuminate\\Routing\\Router->prepareResponse(Object(Illuminate\\Http\\Request), Object(Illuminate\\View\\View))
#20 C:\\Users\\Administrator\\final-project\\vendor\\laravel\\framework\\src\\Illuminate\\Pipeline\\Pipeline.php(144): Illuminate\\Routing\\Router->Illuminate\\Routing\\{closure}(Object(Illuminate\\Http\\Request))
#21 C:\\Users\\Administrator\\final-project\\vendor\\laravel\\framework\\src\\Illuminate\\Routing\\Middleware\\SubstituteBindings.php(50): Illuminate\\Pipeline\\Pipeline->Illuminate\\Pipeline\\{closure}(Object(Illuminate\\Http\\Request))
#22 C:\\Users\\Administrator\\final-project\\vendor\\laravel\\framework\\src\\Illuminate\\Pipeline\\Pipeline.php(183): Illuminate\\Routing\\Middleware\\SubstituteBindings->handle(Object(Illuminate\\Http\\Request), Object(Closure))
#23 C:\\Users\\Administrator\\final-project\\vendor\\laravel\\framework\\src\\Illuminate\\Auth\\Middleware\\Authenticate.php(57): Illuminate\\Pipeline\\Pipeline->Illuminate\\Pipeline\\{closure}(Object(Illuminate\\Http\\Request))
#24 C:\\Users\\Administrator\\final-project\\vendor\\laravel\\framework\\src\\Illuminate\\Pipeline\\Pipeline.php(183): Illuminate\\Auth\\Middleware\\Authenticate->handle(Object(Illuminate\\Http\\Request), Object(Closure))
#25 C:\\Users\\Administrator\\final-project\\vendor\\laravel\\framework\\src\\Illuminate\\Foundation\\Http\\Middleware\\VerifyCsrfToken.php(78): Illuminate\\Pipeline\\Pipeline->Illuminate\\Pipeline\\{closure}(Object(Illuminate\\Http\\Request))
#26 C:\\Users\\Administrator\\final-project\\vendor\\laravel\\framework\\src\\Illuminate\\Pipeline\\Pipeline.php(183): Illuminate\\Foundation\\Http\\Middleware\\VerifyCsrfToken->handle(Object(Illuminate\\Http\\Request), Object(Closure))
#27 C:\\Users\\Administrator\\final-project\\vendor\\laravel\\framework\\src\\Illuminate\\View\\Middleware\\ShareErrorsFromSession.php(49): Illuminate\\Pipeline\\Pipeline->Illuminate\\Pipeline\\{closure}(Object(Illuminate\\Http\\Request))
#28 C:\\Users\\Administrator\\final-project\\vendor\\laravel\\framework\\src\\Illuminate\\Pipeline\\Pipeline.php(183): Illuminate\\View\\Middleware\\ShareErrorsFromSession->handle(Object(Illuminate\\Http\\Request), Object(Closure))
#29 C:\\Users\\Administrator\\final-project\\vendor\\laravel\\framework\\src\\Illuminate\\Session\\Middleware\\StartSession.php(121): Illuminate\\Pipeline\\Pipeline->Illuminate\\Pipeline\\{closure}(Object(Illuminate\\Http\\Request))
#30 C:\\Users\\Administrator\\final-project\\vendor\\laravel\\framework\\src\\Illuminate\\Session\\Middleware\\StartSession.php(64): Illuminate\\Session\\Middleware\\StartSession->handleStatefulRequest(Object(Illuminate\\Http\\Request), Object(Illuminate\\Session\\Store), Object(Closure))
#31 C:\\Users\\Administrator\\final-project\\vendor\\laravel\\framework\\src\\Illuminate\\Pipeline\\Pipeline.php(183): Illuminate\\Session\\Middleware\\StartSession->handle(Object(Illuminate\\Http\\Request), Object(Closure))
#32 C:\\Users\\Administrator\\final-project\\vendor\\laravel\\framework\\src\\Illuminate\\Cookie\\Middleware\\AddQueuedCookiesToResponse.php(37): Illuminate\\Pipeline\\Pipeline->Illuminate\\Pipeline\\{closure}(Object(Illuminate\\Http\\Request))
#33 C:\\Users\\Administrator\\final-project\\vendor\\laravel\\framework\\src\\Illuminate\\Pipeline\\Pipeline.php(183): Illuminate\\Cookie\\Middleware\\AddQueuedCookiesToResponse->handle(Object(Illuminate\\Http\\Request), Object(Closure))
#34 C:\\Users\\Administrator\\final-project\\vendor\\laravel\\framework\\src\\Illuminate\\Cookie\\Middleware\\EncryptCookies.php(67): Illuminate\\Pipeline\\Pipeline->Illuminate\\Pipeline\\{closure}(Object(Illuminate\\Http\\Request))
#35 C:\\Users\\Administrator\\final-project\\vendor\\laravel\\framework\\src\\Illuminate\\Pipeline\\Pipeline.php(183): Illuminate\\Cookie\\Middleware\\EncryptCookies->handle(Object(Illuminate\\Http\\Request), Object(Closure))
#36 C:\\Users\\Administrator\\final-project\\vendor\\laravel\\framework\\src\\Illuminate\\Pipeline\\Pipeline.php(119): Illuminate\\Pipeline\\Pipeline->Illuminate\\Pipeline\\{closure}(Object(Illuminate\\Http\\Request))
#37 C:\\Users\\Administrator\\final-project\\vendor\\laravel\\framework\\src\\Illuminate\\Routing\\Router.php(805): Illuminate\\Pipeline\\Pipeline->then(Object(Closure))
#38 C:\\Users\\Administrator\\final-project\\vendor\\laravel\\framework\\src\\Illuminate\\Routing\\Router.php(784): Illuminate\\Routing\\Router->runRouteWithinStack(Object(Illuminate\\Routing\\Route), Object(Illuminate\\Http\\Request))
#39 C:\\Users\\Administrator\\final-project\\vendor\\laravel\\framework\\src\\Illuminate\\Routing\\Router.php(748): Illuminate\\Routing\\Router->runRoute(Object(Illuminate\\Http\\Request), Object(Illuminate\\Routing\\Route))
#40 C:\\Users\\Administrator\\final-project\\vendor\\laravel\\framework\\src\\Illuminate\\Routing\\Router.php(737): Illuminate\\Routing\\Router->dispatchToRoute(Object(Illuminate\\Http\\Request))
#41 C:\\Users\\Administrator\\final-project\\vendor\\laravel\\framework\\src\\Illuminate\\Foundation\\Http\\Kernel.php(200): Illuminate\\Routing\\Router->dispatch(Object(Illuminate\\Http\\Request))
#42 C:\\Users\\Administrator\\final-project\\vendor\\laravel\\framework\\src\\Illuminate\\Pipeline\\Pipeline.php(144): Illuminate\\Foundation\\Http\\Kernel->Illuminate\\Foundation\\Http\\{closure}(Object(Illuminate\\Http\\Request))
#43 C:\\Users\\Administrator\\final-project\\vendor\\laravel\\framework\\src\\Illuminate\\Foundation\\Http\\Middleware\\TransformsRequest.php(21): Illuminate\\Pipeline\\Pipeline->Illuminate\\Pipeline\\{closure}(Object(Illuminate\\Http\\Request))
#44 C:\\Users\\Administrator\\final-project\\vendor\\laravel\\framework\\src\\Illuminate\\Foundation\\Http\\Middleware\\ConvertEmptyStringsToNull.php(31): Illuminate\\Foundation\\Http\\Middleware\\TransformsRequest->handle(Object(Illuminate\\Http\\Request), Object(Closure))
#45 C:\\Users\\Administrator\\final-project\\vendor\\laravel\\framework\\src\\Illuminate\\Pipeline\\Pipeline.php(183): Illuminate\\Foundation\\Http\\Middleware\\ConvertEmptyStringsToNull->handle(Object(Illuminate\\Http\\Request), Object(Closure))
#46 C:\\Users\\Administrator\\final-project\\vendor\\laravel\\framework\\src\\Illuminate\\Foundation\\Http\\Middleware\\TransformsRequest.php(21): Illuminate\\Pipeline\\Pipeline->Illuminate\\Pipeline\\{closure}(Object(Illuminate\\Http\\Request))
#47 C:\\Users\\Administrator\\final-project\\vendor\\laravel\\framework\\src\\Illuminate\\Foundation\\Http\\Middleware\\TrimStrings.php(40): Illuminate\\Foundation\\Http\\Middleware\\TransformsRequest->handle(Object(Illuminate\\Http\\Request), Object(Closure))
#48 C:\\Users\\Administrator\\final-project\\vendor\\laravel\\framework\\src\\Illuminate\\Pipeline\\Pipeline.php(183): Illuminate\\Foundation\\Http\\Middleware\\TrimStrings->handle(Object(Illuminate\\Http\\Request), Object(Closure))
#49 C:\\Users\\Administrator\\final-project\\vendor\\laravel\\framework\\src\\Illuminate\\Foundation\\Http\\Middleware\\ValidatePostSize.php(27): Illuminate\\Pipeline\\Pipeline->Illuminate\\Pipeline\\{closure}(Object(Illuminate\\Http\\Request))
#50 C:\\Users\\Administrator\\final-project\\vendor\\laravel\\framework\\src\\Illuminate\\Pipeline\\Pipeline.php(183): Illuminate\\Foundation\\Http\\Middleware\\ValidatePostSize->handle(Object(Illuminate\\Http\\Request), Object(Closure))
#51 C:\\Users\\Administrator\\final-project\\vendor\\laravel\\framework\\src\\Illuminate\\Foundation\\Http\\Middleware\\PreventRequestsDuringMaintenance.php(99): Illuminate\\Pipeline\\Pipeline->Illuminate\\Pipeline\\{closure}(Object(Illuminate\\Http\\Request))
#52 C:\\Users\\Administrator\\final-project\\vendor\\laravel\\framework\\src\\Illuminate\\Pipeline\\Pipeline.php(183): Illuminate\\Foundation\\Http\\Middleware\\PreventRequestsDuringMaintenance->handle(Object(Illuminate\\Http\\Request), Object(Closure))
#53 C:\\Users\\Administrator\\final-project\\vendor\\laravel\\framework\\src\\Illuminate\\Http\\Middleware\\HandleCors.php(49): Illuminate\\Pipeline\\Pipeline->Illuminate\\Pipeline\\{closure}(Object(Illuminate\\Http\\Request))
#54 C:\\Users\\Administrator\\final-project\\vendor\\laravel\\framework\\src\\Illuminate\\Pipeline\\Pipeline.php(183): Illuminate\\Http\\Middleware\\HandleCors->handle(Object(Illuminate\\Http\\Request), Object(Closure))
#55 C:\\Users\\Administrator\\final-project\\vendor\\laravel\\framework\\src\\Illuminate\\Http\\Middleware\\TrustProxies.php(39): Illuminate\\Pipeline\\Pipeline->Illuminate\\Pipeline\\{closure}(Object(Illuminate\\Http\\Request))
#56 C:\\Users\\Administrator\\final-project\\vendor\\laravel\\framework\\src\\Illuminate\\Pipeline\\Pipeline.php(183): Illuminate\\Http\\Middleware\\TrustProxies->handle(Object(Illuminate\\Http\\Request), Object(Closure))
#57 C:\\Users\\Administrator\\final-project\\vendor\\laravel\\framework\\src\\Illuminate\\Pipeline\\Pipeline.php(119): Illuminate\\Pipeline\\Pipeline->Illuminate\\Pipeline\\{closure}(Object(Illuminate\\Http\\Request))
#58 C:\\Users\\Administrator\\final-project\\vendor\\laravel\\framework\\src\\Illuminate\\Foundation\\Http\\Kernel.php(175): Illuminate\\Pipeline\\Pipeline->then(Object(Closure))
#59 C:\\Users\\Administrator\\final-project\\vendor\\laravel\\framework\\src\\Illuminate\\Foundation\\Http\\Kernel.php(144): Illuminate\\Foundation\\Http\\Kernel->sendRequestThroughRouter(Object(Illuminate\\Http\\Request))
#60 C:\\Users\\Administrator\\final-project\\public\\index.php(51): Illuminate\\Foundation\\Http\\Kernel->handle(Object(Illuminate\\Http\\Request))
#61 C:\\Users\\Administrator\\final-project\\vendor\\laravel\\framework\\src\\Illuminate\\Foundation\\resources\\server.php(16): require_once('C:\\\\Users\\\\Admini...')
#62 {main}

[previous exception] [object] (ErrorException(code: 0): Trying to access array offset on null at C:\\Users\\Administrator\\final-project\\storage\\framework\\views\\5814a2753ec08351093a6ec5729628c9.php:145)
[stacktrace]
#0 C:\\Users\\Administrator\\final-project\\vendor\\laravel\\framework\\src\\Illuminate\\Foundation\\Bootstrap\\HandleExceptions.php(255): Illuminate\\Foundation\\Bootstrap\\HandleExceptions->handleError(2, 'Trying to acces...', 'C:\\\\Users\\\\Admini...', 145)
#1 C:\\Users\\Administrator\\final-project\\storage\\framework\\views\\5814a2753ec08351093a6ec5729628c9.php(145): Illuminate\\Foundation\\Bootstrap\\HandleExceptions->Illuminate\\Foundation\\Bootstrap\\{closure}(2, 'Trying to acces...', 'C:\\\\Users\\\\Admini...', 145)
#2 C:\\Users\\Administrator\\final-project\\vendor\\laravel\\framework\\src\\Illuminate\\Filesystem\\Filesystem.php(123): require('C:\\\\Users\\\\Admini...')
#3 C:\\Users\\Administrator\\final-project\\vendor\\laravel\\framework\\src\\Illuminate\\Filesystem\\Filesystem.php(124): Illuminate\\Filesystem\\Filesystem::Illuminate\\Filesystem\\{closure}()
#4 C:\\Users\\Administrator\\final-project\\vendor\\laravel\\framework\\src\\Illuminate\\View\\Engines\\PhpEngine.php(58): Illuminate\\Filesystem\\Filesystem->getRequire('C:\\\\Users\\\\Admini...', Array)
#5 C:\\Users\\Administrator\\final-project\\vendor\\laravel\\framework\\src\\Illuminate\\View\\Engines\\CompilerEngine.php(72): Illuminate\\View\\Engines\\PhpEngine->evaluatePath('C:\\\\Users\\\\Admini...', Array)
#6 C:\\Users\\Administrator\\final-project\\vendor\\laravel\\framework\\src\\Illuminate\\View\\View.php(207): Illuminate\\View\\Engines\\CompilerEngine->get('C:\\\\Users\\\\Admini...', Array)
#7 C:\\Users\\Administrator\\final-project\\vendor\\laravel\\framework\\src\\Illuminate\\View\\View.php(190): Illuminate\\View\\View->getContents()
#8 C:\\Users\\Administrator\\final-project\\vendor\\laravel\\framework\\src\\Illuminate\\View\\View.php(159): Illuminate\\View\\View->renderContents()
#9 C:\\Users\\Administrator\\final-project\\storage\\framework\\views\\6e34eee670e242b5324c8ec1591c31e7.php(85): Illuminate\\View\\View->render()
#10 C:\\Users\\Administrator\\final-project\\vendor\\laravel\\framework\\src\\Illuminate\\Filesystem\\Filesystem.php(123): require('C:\\\\Users\\\\Admini...')
#11 C:\\Users\\Administrator\\final-project\\vendor\\laravel\\framework\\src\\Illuminate\\Filesystem\\Filesystem.php(124): Illuminate\\Filesystem\\Filesystem::Illuminate\\Filesystem\\{closure}()
#12 C:\\Users\\Administrator\\final-project\\vendor\\laravel\\framework\\src\\Illuminate\\View\\Engines\\PhpEngine.php(58): Illuminate\\Filesystem\\Filesystem->getRequire('C:\\\\Users\\\\Admini...', Array)
#13 C:\\Users\\Administrator\\final-project\\vendor\\laravel\\framework\\src\\Illuminate\\View\\Engines\\CompilerEngine.php(72): Illuminate\\View\\Engines\\PhpEngine->evaluatePath('C:\\\\Users\\\\Admini...', Array)
#14 C:\\Users\\Administrator\\final-project\\vendor\\laravel\\framework\\src\\Illuminate\\View\\View.php(207): Illuminate\\View\\Engines\\CompilerEngine->get('C:\\\\Users\\\\Admini...', Array)
#15 C:\\Users\\Administrator\\final-project\\vendor\\laravel\\framework\\src\\Illuminate\\View\\View.php(190): Illuminate\\View\\View->getContents()
#16 C:\\Users\\Administrator\\final-project\\vendor\\laravel\\framework\\src\\Illuminate\\View\\View.php(159): Illuminate\\View\\View->renderContents()
#17 C:\\Users\\Administrator\\final-project\\vendor\\laravel\\framework\\src\\Illuminate\\Http\\Response.php(69): Illuminate\\View\\View->render()
#18 C:\\Users\\Administrator\\final-project\\vendor\\laravel\\framework\\src\\Illuminate\\Http\\Response.php(35): Illuminate\\Http\\Response->setContent(Object(Illuminate\\View\\View))
#19 C:\\Users\\Administrator\\final-project\\vendor\\laravel\\framework\\src\\Illuminate\\Routing\\Router.php(918): Illuminate\\Http\\Response->__construct(Object(Illuminate\\View\\View), 200, Array)
#20 C:\\Users\\Administrator\\final-project\\vendor\\laravel\\framework\\src\\Illuminate\\Routing\\Router.php(885): Illuminate\\Routing\\Router::toResponse(Object(Illuminate\\Http\\Request), Object(Illuminate\\View\\View))
#21 C:\\Users\\Administrator\\final-project\\vendor\\laravel\\framework\\src\\Illuminate\\Routing\\Router.php(805): Illuminate\\Routing\\Router->prepareResponse(Object(Illuminate\\Http\\Request), Object(Illuminate\\View\\View))
#22 C:\\Users\\Administrator\\final-project\\vendor\\laravel\\framework\\src\\Illuminate\\Pipeline\\Pipeline.php(144): Illuminate\\Routing\\Router->Illuminate\\Routing\\{closure}(Object(Illuminate\\Http\\Request))
#23 C:\\Users\\Administrator\\final-project\\vendor\\laravel\\framework\\src\\Illuminate\\Routing\\Middleware\\SubstituteBindings.php(50): Illuminate\\Pipeline\\Pipeline->Illuminate\\Pipeline\\{closure}(Object(Illuminate\\Http\\Request))
#24 C:\\Users\\Administrator\\final-project\\vendor\\laravel\\framework\\src\\Illuminate\\Pipeline\\Pipeline.php(183): Illuminate\\Routing\\Middleware\\SubstituteBindings->handle(Object(Illuminate\\Http\\Request), Object(Closure))
#25 C:\\Users\\Administrator\\final-project\\vendor\\laravel\\framework\\src\\Illuminate\\Auth\\Middleware\\Authenticate.php(57): Illuminate\\Pipeline\\Pipeline->Illuminate\\Pipeline\\{closure}(Object(Illuminate\\Http\\Request))
#26 C:\\Users\\Administrator\\final-project\\vendor\\laravel\\framework\\src\\Illuminate\\Pipeline\\Pipeline.php(183): Illuminate\\Auth\\Middleware\\Authenticate->handle(Object(Illuminate\\Http\\Request), Object(Closure))
#27 C:\\Users\\Administrator\\final-project\\vendor\\laravel\\framework\\src\\Illuminate\\Foundation\\Http\\Middleware\\VerifyCsrfToken.php(78): Illuminate\\Pipeline\\Pipeline->Illuminate\\Pipeline\\{closure}(Object(Illuminate\\Http\\Request))
#28 C:\\Users\\Administrator\\final-project\\vendor\\laravel\\framework\\src\\Illuminate\\Pipeline\\Pipeline.php(183): Illuminate\\Foundation\\Http\\Middleware\\VerifyCsrfToken->handle(Object(Illuminate\\Http\\Request), Object(Closure))
#29 C:\\Users\\Administrator\\final-project\\vendor\\laravel\\framework\\src\\Illuminate\\View\\Middleware\\ShareErrorsFromSession.php(49): Illuminate\\Pipeline\\Pipeline->Illuminate\\Pipeline\\{closure}(Object(Illuminate\\Http\\Request))
#30 C:\\Users\\Administrator\\final-project\\vendor\\laravel\\framework\\src\\Illuminate\\Pipeline\\Pipeline.php(183): Illuminate\\View\\Middleware\\ShareErrorsFromSession->handle(Object(Illuminate\\Http\\Request), Object(Closure))
#31 C:\\Users\\Administrator\\final-project\\vendor\\laravel\\framework\\src\\Illuminate\\Session\\Middleware\\StartSession.php(121): Illuminate\\Pipeline\\Pipeline->Illuminate\\Pipeline\\{closure}(Object(Illuminate\\Http\\Request))
#32 C:\\Users\\Administrator\\final-project\\vendor\\laravel\\framework\\src\\Illuminate\\Session\\Middleware\\StartSession.php(64): Illuminate\\Session\\Middleware\\StartSession->handleStatefulRequest(Object(Illuminate\\Http\\Request), Object(Illuminate\\Session\\Store), Object(Closure))
#33 C:\\Users\\Administrator\\final-project\\vendor\\laravel\\framework\\src\\Illuminate\\Pipeline\\Pipeline.php(183): Illuminate\\Session\\Middleware\\StartSession->handle(Object(Illuminate\\Http\\Request), Object(Closure))
#34 C:\\Users\\Administrator\\final-project\\vendor\\laravel\\framework\\src\\Illuminate\\Cookie\\Middleware\\AddQueuedCookiesToResponse.php(37): Illuminate\\Pipeline\\Pipeline->Illuminate\\Pipeline\\{closure}(Object(Illuminate\\Http\\Request))
#35 C:\\Users\\Administrator\\final-project\\vendor\\laravel\\framework\\src\\Illuminate\\Pipeline\\Pipeline.php(183): Illuminate\\Cookie\\Middleware\\AddQueuedCookiesToResponse->handle(Object(Illuminate\\Http\\Request), Object(Closure))
#36 C:\\Users\\Administrator\\final-project\\vendor\\laravel\\framework\\src\\Illuminate\\Cookie\\Middleware\\EncryptCookies.php(67): Illuminate\\Pipeline\\Pipeline->Illuminate\\Pipeline\\{closure}(Object(Illuminate\\Http\\Request))
#37 C:\\Users\\Administrator\\final-project\\vendor\\laravel\\framework\\src\\Illuminate\\Pipeline\\Pipeline.php(183): Illuminate\\Cookie\\Middleware\\EncryptCookies->handle(Object(Illuminate\\Http\\Request), Object(Closure))
#38 C:\\Users\\Administrator\\final-project\\vendor\\laravel\\framework\\src\\Illuminate\\Pipeline\\Pipeline.php(119): Illuminate\\Pipeline\\Pipeline->Illuminate\\Pipeline\\{closure}(Object(Illuminate\\Http\\Request))
#39 C:\\Users\\Administrator\\final-project\\vendor\\laravel\\framework\\src\\Illuminate\\Routing\\Router.php(805): Illuminate\\Pipeline\\Pipeline->then(Object(Closure))
#40 C:\\Users\\Administrator\\final-project\\vendor\\laravel\\framework\\src\\Illuminate\\Routing\\Router.php(784): Illuminate\\Routing\\Router->runRouteWithinStack(Object(Illuminate\\Routing\\Route), Object(Illuminate\\Http\\Request))
#41 C:\\Users\\Administrator\\final-project\\vendor\\laravel\\framework\\src\\Illuminate\\Routing\\Router.php(748): Illuminate\\Routing\\Router->runRoute(Object(Illuminate\\Http\\Request), Object(Illuminate\\Routing\\Route))
#42 C:\\Users\\Administrator\\final-project\\vendor\\laravel\\framework\\src\\Illuminate\\Routing\\Router.php(737): Illuminate\\Routing\\Router->dispatchToRoute(Object(Illuminate\\Http\\Request))
#43 C:\\Users\\Administrator\\final-project\\vendor\\laravel\\framework\\src\\Illuminate\\Foundation\\Http\\Kernel.php(200): Illuminate\\Routing\\Router->dispatch(Object(Illuminate\\Http\\Request))
#44 C:\\Users\\Administrator\\final-project\\vendor\\laravel\\framework\\src\\Illuminate\\Pipeline\\Pipeline.php(144): Illuminate\\Foundation\\Http\\Kernel->Illuminate\\Foundation\\Http\\{closure}(Object(Illuminate\\Http\\Request))
#45 C:\\Users\\Administrator\\final-project\\vendor\\laravel\\framework\\src\\Illuminate\\Foundation\\Http\\Middleware\\TransformsRequest.php(21): Illuminate\\Pipeline\\Pipeline->Illuminate\\Pipeline\\{closure}(Object(Illuminate\\Http\\Request))
#46 C:\\Users\\Administrator\\final-project\\vendor\\laravel\\framework\\src\\Illuminate\\Foundation\\Http\\Middleware\\ConvertEmptyStringsToNull.php(31): Illuminate\\Foundation\\Http\\Middleware\\TransformsRequest->handle(Object(Illuminate\\Http\\Request), Object(Closure))
#47 C:\\Users\\Administrator\\final-project\\vendor\\laravel\\framework\\src\\Illuminate\\Pipeline\\Pipeline.php(183): Illuminate\\Foundation\\Http\\Middleware\\ConvertEmptyStringsToNull->handle(Object(Illuminate\\Http\\Request), Object(Closure))
#48 C:\\Users\\Administrator\\final-project\\vendor\\laravel\\framework\\src\\Illuminate\\Foundation\\Http\\Middleware\\TransformsRequest.php(21): Illuminate\\Pipeline\\Pipeline->Illuminate\\Pipeline\\{closure}(Object(Illuminate\\Http\\Request))
#49 C:\\Users\\Administrator\\final-project\\vendor\\laravel\\framework\\src\\Illuminate\\Foundation\\Http\\Middleware\\TrimStrings.php(40): Illuminate\\Foundation\\Http\\Middleware\\TransformsRequest->handle(Object(Illuminate\\Http\\Request), Object(Closure))
#50 C:\\Users\\Administrator\\final-project\\vendor\\laravel\\framework\\src\\Illuminate\\Pipeline\\Pipeline.php(183): Illuminate\\Foundation\\Http\\Middleware\\TrimStrings->handle(Object(Illuminate\\Http\\Request), Object(Closure))
#51 C:\\Users\\Administrator\\final-project\\vendor\\laravel\\framework\\src\\Illuminate\\Foundation\\Http\\Middleware\\ValidatePostSize.php(27): Illuminate\\Pipeline\\Pipeline->Illuminate\\Pipeline\\{closure}(Object(Illuminate\\Http\\Request))
#52 C:\\Users\\Administrator\\final-project\\vendor\\laravel\\framework\\src\\Illuminate\\Pipeline\\Pipeline.php(183): Illuminate\\Foundation\\Http\\Middleware\\ValidatePostSize->handle(Object(Illuminate\\Http\\Request), Object(Closure))
#53 C:\\Users\\Administrator\\final-project\\vendor\\laravel\\framework\\src\\Illuminate\\Foundation\\Http\\Middleware\\PreventRequestsDuringMaintenance.php(99): Illuminate\\Pipeline\\Pipeline->Illuminate\\Pipeline\\{closure}(Object(Illuminate\\Http\\Request))
#54 C:\\Users\\Administrator\\final-project\\vendor\\laravel\\framework\\src\\Illuminate\\Pipeline\\Pipeline.php(183): Illuminate\\Foundation\\Http\\Middleware\\PreventRequestsDuringMaintenance->handle(Object(Illuminate\\Http\\Request), Object(Closure))
#55 C:\\Users\\Administrator\\final-project\\vendor\\laravel\\framework\\src\\Illuminate\\Http\\Middleware\\HandleCors.php(49): Illuminate\\Pipeline\\Pipeline->Illuminate\\Pipeline\\{closure}(Object(Illuminate\\Http\\Request))
#56 C:\\Users\\Administrator\\final-project\\vendor\\laravel\\framework\\src\\Illuminate\\Pipeline\\Pipeline.php(183): Illuminate\\Http\\Middleware\\HandleCors->handle(Object(Illuminate\\Http\\Request), Object(Closure))
#57 C:\\Users\\Administrator\\final-project\\vendor\\laravel\\framework\\src\\Illuminate\\Http\\Middleware\\TrustProxies.php(39): Illuminate\\Pipeline\\Pipeline->Illuminate\\Pipeline\\{closure}(Object(Illuminate\\Http\\Request))
#58 C:\\Users\\Administrator\\final-project\\vendor\\laravel\\framework\\src\\Illuminate\\Pipeline\\Pipeline.php(183): Illuminate\\Http\\Middleware\\TrustProxies->handle(Object(Illuminate\\Http\\Request), Object(Closure))
#59 C:\\Users\\Administrator\\final-project\\vendor\\laravel\\framework\\src\\Illuminate\\Pipeline\\Pipeline.php(119): Illuminate\\Pipeline\\Pipeline->Illuminate\\Pipeline\\{closure}(Object(Illuminate\\Http\\Request))
#60 C:\\Users\\Administrator\\final-project\\vendor\\laravel\\framework\\src\\Illuminate\\Foundation\\Http\\Kernel.php(175): Illuminate\\Pipeline\\Pipeline->then(Object(Closure))
#61 C:\\Users\\Administrator\\final-project\\vendor\\laravel\\framework\\src\\Illuminate\\Foundation\\Http\\Kernel.php(144): Illuminate\\Foundation\\Http\\Kernel->sendRequestThroughRouter(Object(Illuminate\\Http\\Request))
#62 C:\\Users\\Administrator\\final-project\\public\\index.php(51): Illuminate\\Foundation\\Http\\Kernel->handle(Object(Illuminate\\Http\\Request))
#63 C:\\Users\\Administrator\\final-project\\vendor\\laravel\\framework\\src\\Illuminate\\Foundation\\resources\\server.php(16): require_once('C:\\\\Users\\\\Admini...')
#64 {main}
"} 
[2026-07-12 20:53:24] local.ERROR: syntax error, unexpected identifier "users", expecting ")" {"view":{"view":"C:\\Users\\Administrator\\final-project\\Modules\\Adminstration\\resources\\views\\users\\edit_admin.blade.php","data":{"errors":"<pre class=sf-dump id=sf-dump-2100458882 data-indent-pad=\"  \"><span class=sf-dump-note>Illuminate\\Support\\ViewErrorBag</span> {<a class=sf-dump-ref>#608</a><samp data-depth=1 class=sf-dump-expanded>
  #<span class=sf-dump-protected title=\"Protected property\">bags</span>: []
</samp>}
</pre><script>Sfdump(\"sf-dump-2100458882\", {\"maxDepth\":3,\"maxStringLength\":160})</script>
","user":"<pre class=sf-dump id=sf-dump-1816651633 data-indent-pad=\"  \"><span class=sf-dump-note>App\\Models\\User</span> {<a class=sf-dump-ref>#1624</a><samp data-depth=1 class=sf-dump-expanded>
  #<span class=sf-dump-protected title=\"Protected property\">connection</span>: \"<span class=sf-dump-str title=\"5 characters\">mysql</span>\"
  #<span class=sf-dump-protected title=\"Protected property\">table</span>: \"<span class=sf-dump-str title=\"5 characters\">users</span>\"
  #<span class=sf-dump-protected title=\"Protected property\">primaryKey</span>: \"<span class=sf-dump-str title=\"2 characters\">id</span>\"
  #<span class=sf-dump-protected title=\"Protected property\">keyType</span>: \"<span class=sf-dump-str title=\"3 characters\">int</span>\"
  +<span class=sf-dump-public title=\"Public property\">incrementing</span>: <span class=sf-dump-const>true</span>
  #<span class=sf-dump-protected title=\"Protected property\">with</span>: []
  #<span class=sf-dump-protected title=\"Protected property\">withCount</span>: []
  +<span class=sf-dump-public title=\"Public property\">preventsLazyLoading</span>: <span class=sf-dump-const>false</span>
  #<span class=sf-dump-protected title=\"Protected property\">perPage</span>: <span class=sf-dump-num>15</span>
  +<span class=sf-dump-public title=\"Public property\">exists</span>: <span class=sf-dump-const>true</span>
  +<span class=sf-dump-public title=\"Public property\">wasRecentlyCreated</span>: <span class=sf-dump-const>false</span>
  #<span class=sf-dump-protected title=\"Protected property\">escapeWhenCastingToString</span>: <span class=sf-dump-const>false</span>
  #<span class=sf-dump-protected title=\"Protected property\">attributes</span>: <span class=sf-dump-note>array:14</span> [<samp data-depth=2 class=sf-dump-compact>
    \"<span class=sf-dump-key>id</span>\" => <span class=sf-dump-num>1</span>
    \"<span class=sf-dump-key>email</span>\" => \"<span class=sf-dump-str title=\"15 characters\">user@unikey.com</span>\"
    \"<span class=sf-dump-key>role_id</span>\" => <span class=sf-dump-num>1</span>
    \"<span class=sf-dump-key>email_verified_at</span>\" => <span class=sf-dump-const>null</span>
    \"<span class=sf-dump-key>fname</span>\" => \"<span class=sf-dump-str title=\"4 characters\">user</span>\"
    \"<span class=sf-dump-key>lname</span>\" => \"<span class=sf-dump-str title=\"4 characters\">user</span>\"
    \"<span class=sf-dump-key>phone</span>\" => \"<span class=sf-dump-str title=\"10 characters\">0740203066</span>\"
    \"<span class=sf-dump-key>password</span>\" => \"<span class=sf-dump-str title=\"60 characters\">$2y$12$dUaMFtlsZOV51Y3k006F6eO/Z4AA74PmFS.UJ6/vUTvLbmWmglTwW</span>\"
    \"<span class=sf-dump-key>remember_token</span>\" => <span class=sf-dump-const>null</span>
    \"<span class=sf-dump-key>created_at</span>\" => \"<span class=sf-dump-str title=\"19 characters\">2026-07-12 10:30:06</span>\"
    \"<span class=sf-dump-key>updated_at</span>\" => \"<span class=sf-dump-str title=\"19 characters\">2026-07-12 10:30:06</span>\"
    \"<span class=sf-dump-key>deleted_at</span>\" => <span class=sf-dump-const>null</span>
    \"<span class=sf-dump-key>role</span>\" => \"\"
    \"<span class=sf-dump-key>role_name</span>\" => \"<span class=sf-dump-str title=\"10 characters\">Nomal User</span>\"
  </samp>]
  #<span class=sf-dump-protected title=\"Protected property\">original</span>: <span class=sf-dump-note>array:14</span> [<samp data-depth=2 class=sf-dump-compact>
    \"<span class=sf-dump-key>id</span>\" => <span class=sf-dump-num>1</span>
    \"<span class=sf-dump-key>email</span>\" => \"<span class=sf-dump-str title=\"15 characters\">user@unikey.com</span>\"
    \"<span class=sf-dump-key>role_id</span>\" => <span class=sf-dump-num>1</span>
    \"<span class=sf-dump-key>email_verified_at</span>\" => <span class=sf-dump-const>null</span>
    \"<span class=sf-dump-key>fname</span>\" => \"<span class=sf-dump-str title=\"4 characters\">user</span>\"
    \"<span class=sf-dump-key>lname</span>\" => \"<span class=sf-dump-str title=\"4 characters\">user</span>\"
    \"<span class=sf-dump-key>phone</span>\" => \"<span class=sf-dump-str title=\"10 characters\">0740203066</span>\"
    \"<span class=sf-dump-key>password</span>\" => \"<span class=sf-dump-str title=\"60 characters\">$2y$12$dUaMFtlsZOV51Y3k006F6eO/Z4AA74PmFS.UJ6/vUTvLbmWmglTwW</span>\"
    \"<span class=sf-dump-key>remember_token</span>\" => <span class=sf-dump-const>null</span>
    \"<span class=sf-dump-key>created_at</span>\" => \"<span class=sf-dump-str title=\"19 characters\">2026-07-12 10:30:06</span>\"
    \"<span class=sf-dump-key>updated_at</span>\" => \"<span class=sf-dump-str title=\"19 characters\">2026-07-12 10:30:06</span>\"
    \"<span class=sf-dump-key>deleted_at</span>\" => <span class=sf-dump-const>null</span>
    \"<span class=sf-dump-key>role</span>\" => \"\"
    \"<span class=sf-dump-key>role_name</span>\" => \"<span class=sf-dump-str title=\"10 characters\">Nomal User</span>\"
  </samp>]
  #<span class=sf-dump-protected title=\"Protected property\">changes</span>: []
  #<span class=sf-dump-protected title=\"Protected property\">casts</span>: <span class=sf-dump-note>array:3</span> [<samp data-depth=2 class=sf-dump-compact>
    \"<span class=sf-dump-key>email_verified_at</span>\" => \"<span class=sf-dump-str title=\"8 characters\">datetime</span>\"
    \"<span class=sf-dump-key>password</span>\" => \"<span class=sf-dump-str title=\"6 characters\">hashed</span>\"
    \"<span class=sf-dump-key>deleted_at</span>\" => \"<span class=sf-dump-str title=\"8 characters\">datetime</span>\"
  </samp>]
  #<span class=sf-dump-protected title=\"Protected property\">classCastCache</span>: []
  #<span class=sf-dump-protected title=\"Protected property\">attributeCastCache</span>: []
  #<span class=sf-dump-protected title=\"Protected property\">dateFormat</span>: <span class=sf-dump-const>null</span>
  #<span class=sf-dump-protected title=\"Protected property\">appends</span>: []
  #<span class=sf-dump-protected title=\"Protected property\">dispatchesEvents</span>: []
  #<span class=sf-dump-protected title=\"Protected property\">observables</span>: []
  #<span class=sf-dump-protected title=\"Protected property\">relations</span>: []
  #<span class=sf-dump-protected title=\"Protected property\">touches</span>: []
  +<span class=sf-dump-public title=\"Public property\">timestamps</span>: <span class=sf-dump-const>true</span>
  +<span class=sf-dump-public title=\"Public property\">usesUniqueIds</span>: <span class=sf-dump-const>false</span>
  #<span class=sf-dump-protected title=\"Protected property\">hidden</span>: <span class=sf-dump-note>array:2</span> [<samp data-depth=2 class=sf-dump-compact>
    <span class=sf-dump-index>0</span> => \"<span class=sf-dump-str title=\"8 characters\">password</span>\"
    <span class=sf-dump-index>1</span> => \"<span class=sf-dump-str title=\"14 characters\">remember_token</span>\"
  </samp>]
  #<span class=sf-dump-protected title=\"Protected property\">visible</span>: []
  #<span class=sf-dump-protected title=\"Protected property\">fillable</span>: <span class=sf-dump-note>array:6</span> [<samp data-depth=2 class=sf-dump-compact>
    <span class=sf-dump-index>0</span> => \"<span class=sf-dump-str title=\"5 characters\">fname</span>\"
    <span class=sf-dump-index>1</span> => \"<span class=sf-dump-str title=\"5 characters\">lname</span>\"
    <span class=sf-dump-index>2</span> => \"<span class=sf-dump-str title=\"5 characters\">phone</span>\"
    <span class=sf-dump-index>3</span> => \"<span class=sf-dump-str title=\"5 characters\">email</span>\"
    <span class=sf-dump-index>4</span> => \"<span class=sf-dump-str title=\"7 characters\">role_id</span>\"
    <span class=sf-dump-index>5</span> => \"<span class=sf-dump-str title=\"8 characters\">password</span>\"
  </samp>]
  #<span class=sf-dump-protected title=\"Protected property\">guarded</span>: <span class=sf-dump-note>array:1</span> [<samp data-depth=2 class=sf-dump-compact>
    <span class=sf-dump-index>0</span> => \"<span class=sf-dump-str>*</span>\"
  </samp>]
  #<span class=sf-dump-protected title=\"Protected property\">rememberTokenName</span>: \"<span class=sf-dump-str title=\"14 characters\">remember_token</span>\"
  #<span class=sf-dump-protected title=\"Protected property\">dates</span>: <span class=sf-dump-note>array:1</span> [<samp data-depth=2 class=sf-dump-compact>
    <span class=sf-dump-index>0</span> => \"<span class=sf-dump-str title=\"10 characters\">deleted_at</span>\"
  </samp>]
  #<span class=sf-dump-protected title=\"Protected property\">accessToken</span>: <span class=sf-dump-const>null</span>
  #<span class=sf-dump-protected title=\"Protected property\">forceDeleting</span>: <span class=sf-dump-const>false</span>
</samp>}
</pre><script>Sfdump(\"sf-dump-1816651633\", {\"maxDepth\":3,\"maxStringLength\":160})</script>
","roles":"<pre class=sf-dump id=sf-dump-1406197517 data-indent-pad=\"  \"><span class=sf-dump-note>Illuminate\\Database\\Eloquent\\Collection</span> {<a class=sf-dump-ref>#1628</a><samp data-depth=1 class=sf-dump-expanded>
  #<span class=sf-dump-protected title=\"Protected property\">items</span>: <span class=sf-dump-note>array:3</span> [<samp data-depth=2 class=sf-dump-compact>
    <span class=sf-dump-index>0</span> => <span class=\"sf-dump-note sf-dump-ellipsization\" title=\"App\\Models\\Role
\"><span class=\"sf-dump-ellipsis sf-dump-ellipsis-note\">App\\Models</span><span class=\"sf-dump-ellipsis sf-dump-ellipsis-note\">\\</span><span class=\"sf-dump-ellipsis-tail\">Role</span></span> {<a class=sf-dump-ref>#1629</a><samp data-depth=3 class=sf-dump-compact>
      #<span class=sf-dump-protected title=\"Protected property\">connection</span>: \"<span class=sf-dump-str title=\"5 characters\">mysql</span>\"
      #<span class=sf-dump-protected title=\"Protected property\">table</span>: \"<span class=sf-dump-str title=\"5 characters\">roles</span>\"
      #<span class=sf-dump-protected title=\"Protected property\">primaryKey</span>: \"<span class=sf-dump-str title=\"2 characters\">id</span>\"
      #<span class=sf-dump-protected title=\"Protected property\">keyType</span>: \"<span class=sf-dump-str title=\"3 characters\">int</span>\"
      +<span class=sf-dump-public title=\"Public property\">incrementing</span>: <span class=sf-dump-const>true</span>
      #<span class=sf-dump-protected title=\"Protected property\">with</span>: []
      #<span class=sf-dump-protected title=\"Protected property\">withCount</span>: []
      +<span class=sf-dump-public title=\"Public property\">preventsLazyLoading</span>: <span class=sf-dump-const>false</span>
      #<span class=sf-dump-protected title=\"Protected property\">perPage</span>: <span class=sf-dump-num>15</span>
      +<span class=sf-dump-public title=\"Public property\">exists</span>: <span class=sf-dump-const>true</span>
      +<span class=sf-dump-public title=\"Public property\">wasRecentlyCreated</span>: <span class=sf-dump-const>false</span>
      #<span class=sf-dump-protected title=\"Protected property\">escapeWhenCastingToString</span>: <span class=sf-dump-const>false</span>
      #<span class=sf-dump-protected title=\"Protected property\">attributes</span>: <span class=sf-dump-note>array:5</span> [ &#8230;5]
      #<span class=sf-dump-protected title=\"Protected property\">original</span>: <span class=sf-dump-note>array:5</span> [ &#8230;5]
      #<span class=sf-dump-protected title=\"Protected property\">changes</span>: []
      #<span class=sf-dump-protected title=\"Protected property\">casts</span>: <span class=sf-dump-note>array:1</span> [ &#8230;1]
      #<span class=sf-dump-protected title=\"Protected property\">classCastCache</span>: []
      #<span class=sf-dump-protected title=\"Protected property\">attributeCastCache</span>: []
      #<span class=sf-dump-protected title=\"Protected property\">dateFormat</span>: <span class=sf-dump-const>null</span>
      #<span class=sf-dump-protected title=\"Protected property\">appends</span>: []
      #<span class=sf-dump-protected title=\"Protected property\">dispatchesEvents</span>: []
      #<span class=sf-dump-protected title=\"Protected property\">observables</span>: []
      #<span class=sf-dump-protected title=\"Protected property\">relations</span>: []
      #<span class=sf-dump-protected title=\"Protected property\">touches</span>: []
      +<span class=sf-dump-public title=\"Public property\">timestamps</span>: <span class=sf-dump-const>true</span>
      +<span class=sf-dump-public title=\"Public property\">usesUniqueIds</span>: <span class=sf-dump-const>false</span>
      #<span class=sf-dump-protected title=\"Protected property\">hidden</span>: []
      #<span class=sf-dump-protected title=\"Protected property\">visible</span>: []
      #<span class=sf-dump-protected title=\"Protected property\">fillable</span>: <span class=sf-dump-note>array:1</span> [ &#8230;1]
      #<span class=sf-dump-protected title=\"Protected property\">guarded</span>: <span class=sf-dump-note>array:1</span> [ &#8230;1]
      #<span class=sf-dump-protected title=\"Protected property\">dates</span>: <span class=sf-dump-note>array:1</span> [ &#8230;1]
      #<span class=sf-dump-protected title=\"Protected property\">forceDeleting</span>: <span class=sf-dump-const>false</span>
    </samp>}
    <span class=sf-dump-index>1</span> => <span class=\"sf-dump-note sf-dump-ellipsization\" title=\"App\\Models\\Role
\"><span class=\"sf-dump-ellipsis sf-dump-ellipsis-note\">App\\Models</span><span class=\"sf-dump-ellipsis sf-dump-ellipsis-note\">\\</span><span class=\"sf-dump-ellipsis-tail\">Role</span></span> {<a class=sf-dump-ref>#1630</a><samp data-depth=3 class=sf-dump-compact>
      #<span class=sf-dump-protected title=\"Protected property\">connection</span>: \"<span class=sf-dump-str title=\"5 characters\">mysql</span>\"
      #<span class=sf-dump-protected title=\"Protected property\">table</span>: \"<span class=sf-dump-str title=\"5 characters\">roles</span>\"
      #<span class=sf-dump-protected title=\"Protected property\">primaryKey</span>: \"<span class=sf-dump-str title=\"2 characters\">id</span>\"
      #<span class=sf-dump-protected title=\"Protected property\">keyType</span>: \"<span class=sf-dump-str title=\"3 characters\">int</span>\"
      +<span class=sf-dump-public title=\"Public property\">incrementing</span>: <span class=sf-dump-const>true</span>
      #<span class=sf-dump-protected title=\"Protected property\">with</span>: []
      #<span class=sf-dump-protected title=\"Protected property\">withCount</span>: []
      +<span class=sf-dump-public title=\"Public property\">preventsLazyLoading</span>: <span class=sf-dump-const>false</span>
      #<span class=sf-dump-protected title=\"Protected property\">perPage</span>: <span class=sf-dump-num>15</span>
      +<span class=sf-dump-public title=\"Public property\">exists</span>: <span class=sf-dump-const>true</span>
      +<span class=sf-dump-public title=\"Public property\">wasRecentlyCreated</span>: <span class=sf-dump-const>false</span>
      #<span class=sf-dump-protected title=\"Protected property\">escapeWhenCastingToString</span>: <span class=sf-dump-const>false</span>
      #<span class=sf-dump-protected title=\"Protected property\">attributes</span>: <span class=sf-dump-note>array:5</span> [ &#8230;5]
      #<span class=sf-dump-protected title=\"Protected property\">original</span>: <span class=sf-dump-note>array:5</span> [ &#8230;5]
      #<span class=sf-dump-protected title=\"Protected property\">changes</span>: []
      #<span class=sf-dump-protected title=\"Protected property\">casts</span>: <span class=sf-dump-note>array:1</span> [ &#8230;1]
      #<span class=sf-dump-protected title=\"Protected property\">classCastCache</span>: []
      #<span class=sf-dump-protected title=\"Protected property\">attributeCastCache</span>: []
      #<span class=sf-dump-protected title=\"Protected property\">dateFormat</span>: <span class=sf-dump-const>null</span>
      #<span class=sf-dump-protected title=\"Protected property\">appends</span>: []
      #<span class=sf-dump-protected title=\"Protected property\">dispatchesEvents</span>: []
      #<span class=sf-dump-protected title=\"Protected property\">observables</span>: []
      #<span class=sf-dump-protected title=\"Protected property\">relations</span>: []
      #<span class=sf-dump-protected title=\"Protected property\">touches</span>: []
      +<span class=sf-dump-public title=\"Public property\">timestamps</span>: <span class=sf-dump-const>true</span>
      +<span class=sf-dump-public title=\"Public property\">usesUniqueIds</span>: <span class=sf-dump-const>false</span>
      #<span class=sf-dump-protected title=\"Protected property\">hidden</span>: []
      #<span class=sf-dump-protected title=\"Protected property\">visible</span>: []
      #<span class=sf-dump-protected title=\"Protected property\">fillable</span>: <span class=sf-dump-note>array:1</span> [ &#8230;1]
      #<span class=sf-dump-protected title=\"Protected property\">guarded</span>: <span class=sf-dump-note>array:1</span> [ &#8230;1]
      #<span class=sf-dump-protected title=\"Protected property\">dates</span>: <span class=sf-dump-note>array:1</span> [ &#8230;1]
      #<span class=sf-dump-protected title=\"Protected property\">forceDeleting</span>: <span class=sf-dump-const>false</span>
    </samp>}
    <span class=sf-dump-index>2</span> => <span class=\"sf-dump-note sf-dump-ellipsization\" title=\"App\\Models\\Role
\"><span class=\"sf-dump-ellipsis sf-dump-ellipsis-note\">App\\Models</span><span class=\"sf-dump-ellipsis sf-dump-ellipsis-note\">\\</span><span class=\"sf-dump-ellipsis-tail\">Role</span></span> {<a class=sf-dump-ref>#1631</a><samp data-depth=3 class=sf-dump-compact>
      #<span class=sf-dump-protected title=\"Protected property\">connection</span>: \"<span class=sf-dump-str title=\"5 characters\">mysql</span>\"
      #<span class=sf-dump-protected title=\"Protected property\">table</span>: \"<span class=sf-dump-str title=\"5 characters\">roles</span>\"
      #<span class=sf-dump-protected title=\"Protected property\">primaryKey</span>: \"<span class=sf-dump-str title=\"2 characters\">id</span>\"
      #<span class=sf-dump-protected title=\"Protected property\">keyType</span>: \"<span class=sf-dump-str title=\"3 characters\">int</span>\"
      +<span class=sf-dump-public title=\"Public property\">incrementing</span>: <span class=sf-dump-const>true</span>
      #<span class=sf-dump-protected title=\"Protected property\">with</span>: []
      #<span class=sf-dump-protected title=\"Protected property\">withCount</span>: []
      +<span class=sf-dump-public title=\"Public property\">preventsLazyLoading</span>: <span class=sf-dump-const>false</span>
      #<span class=sf-dump-protected title=\"Protected property\">perPage</span>: <span class=sf-dump-num>15</span>
      +<span class=sf-dump-public title=\"Public property\">exists</span>: <span class=sf-dump-const>true</span>
      +<span class=sf-dump-public title=\"Public property\">wasRecentlyCreated</span>: <span class=sf-dump-const>false</span>
      #<span class=sf-dump-protected title=\"Protected property\">escapeWhenCastingToString</span>: <span class=sf-dump-const>false</span>
      #<span class=sf-dump-protected title=\"Protected property\">attributes</span>: <span class=sf-dump-note>array:5</span> [ &#8230;5]
      #<span class=sf-dump-protected title=\"Protected property\">original</span>: <span class=sf-dump-note>array:5</span> [ &#8230;5]
      #<span class=sf-dump-protected title=\"Protected property\">changes</span>: []
      #<span class=sf-dump-protected title=\"Protected property\">casts</span>: <span class=sf-dump-note>array:1</span> [ &#8230;1]
      #<span class=sf-dump-protected title=\"Protected property\">classCastCache</span>: []
      #<span class=sf-dump-protected title=\"Protected property\">attributeCastCache</span>: []
      #<span class=sf-dump-protected title=\"Protected property\">dateFormat</span>: <span class=sf-dump-const>null</span>
      #<span class=sf-dump-protected title=\"Protected property\">appends</span>: []
      #<span class=sf-dump-protected title=\"Protected property\">dispatchesEvents</span>: []
      #<span class=sf-dump-protected title=\"Protected property\">observables</span>: []
      #<span class=sf-dump-protected title=\"Protected property\">relations</span>: []
      #<span class=sf-dump-protected title=\"Protected property\">touches</span>: []
      +<span class=sf-dump-public title=\"Public property\">timestamps</span>: <span class=sf-dump-const>true</span>
      +<span class=sf-dump-public title=\"Public property\">usesUniqueIds</span>: <span class=sf-dump-const>false</span>
      #<span class=sf-dump-protected title=\"Protected property\">hidden</span>: []
      #<span class=sf-dump-protected title=\"Protected property\">visible</span>: []
      #<span class=sf-dump-protected title=\"Protected property\">fillable</span>: <span class=sf-dump-note>array:1</span> [ &#8230;1]
      #<span class=sf-dump-protected title=\"Protected property\">guarded</span>: <span class=sf-dump-note>array:1</span> [ &#8230;1]
      #<span class=sf-dump-protected title=\"Protected property\">dates</span>: <span class=sf-dump-note>array:1</span> [ &#8230;1]
      #<span class=sf-dump-protected title=\"Protected property\">forceDeleting</span>: <span class=sf-dump-const>false</span>
    </samp>}
  </samp>]
  #<span class=sf-dump-protected title=\"Protected property\">escapeWhenCastingToString</span>: <span class=sf-dump-const>false</span>
</samp>}
</pre><script>Sfdump(\"sf-dump-1406197517\", {\"maxDepth\":3,\"maxStringLength\":160})</script>
"}},"userId":2,"exception":"[object] (Spatie\\LaravelIgnition\\Exceptions\\ViewException(code: 0): syntax error, unexpected identifier \"users\", expecting \")\" at C:\\Users\\Administrator\\final-project\\Modules\\Adminstration\\resources\\views\\users\\edit_admin.blade.php:52)
[stacktrace]
#0 C:\\Users\\Administrator\\final-project\\vendor\\laravel\\framework\\src\\Illuminate\\Filesystem\\Filesystem.php(124): Illuminate\\Filesystem\\Filesystem::Illuminate\\Filesystem\\{closure}()
#1 C:\\Users\\Administrator\\final-project\\vendor\\laravel\\framework\\src\\Illuminate\\View\\Engines\\PhpEngine.php(58): Illuminate\\Filesystem\\Filesystem->getRequire('C:\\\\Users\\\\Admini...', Array)
#2 C:\\Users\\Administrator\\final-project\\vendor\\laravel\\framework\\src\\Illuminate\\View\\Engines\\CompilerEngine.php(72): Illuminate\\View\\Engines\\PhpEngine->evaluatePath('C:\\\\Users\\\\Admini...', Array)
#3 C:\\Users\\Administrator\\final-project\\vendor\\laravel\\framework\\src\\Illuminate\\View\\View.php(207): Illuminate\\View\\Engines\\CompilerEngine->get('C:\\\\Users\\\\Admini...', Array)
#4 C:\\Users\\Administrator\\final-project\\vendor\\laravel\\framework\\src\\Illuminate\\View\\View.php(190): Illuminate\\View\\View->getContents()
#5 C:\\Users\\Administrator\\final-project\\vendor\\laravel\\framework\\src\\Illuminate\\View\\View.php(159): Illuminate\\View\\View->renderContents()
#6 C:\\Users\\Administrator\\final-project\\vendor\\laravel\\framework\\src\\Illuminate\\Http\\Response.php(69): Illuminate\\View\\View->render()
#7 C:\\Users\\Administrator\\final-project\\vendor\\laravel\\framework\\src\\Illuminate\\Http\\Response.php(35): Illuminate\\Http\\Response->setContent(Object(Illuminate\\View\\View))
#8 C:\\Users\\Administrator\\final-project\\vendor\\laravel\\framework\\src\\Illuminate\\Routing\\Router.php(918): Illuminate\\Http\\Response->__construct(Object(Illuminate\\View\\View), 200, Array)
#9 C:\\Users\\Administrator\\final-project\\vendor\\laravel\\framework\\src\\Illuminate\\Routing\\Router.php(885): Illuminate\\Routing\\Router::toResponse(Object(Illuminate\\Http\\Request), Object(Illuminate\\View\\View))
#10 C:\\Users\\Administrator\\final-project\\vendor\\laravel\\framework\\src\\Illuminate\\Routing\\Router.php(805): Illuminate\\Routing\\Router->prepareResponse(Object(Illuminate\\Http\\Request), Object(Illuminate\\View\\View))
#11 C:\\Users\\Administrator\\final-project\\vendor\\laravel\\framework\\src\\Illuminate\\Pipeline\\Pipeline.php(144): Illuminate\\Routing\\Router->Illuminate\\Routing\\{closure}(Object(Illuminate\\Http\\Request))
#12 C:\\Users\\Administrator\\final-project\\vendor\\laravel\\framework\\src\\Illuminate\\Routing\\Middleware\\SubstituteBindings.php(50): Illuminate\\Pipeline\\Pipeline->Illuminate\\Pipeline\\{closure}(Object(Illuminate\\Http\\Request))
#13 C:\\Users\\Administrator\\final-project\\vendor\\laravel\\framework\\src\\Illuminate\\Pipeline\\Pipeline.php(183): Illuminate\\Routing\\Middleware\\SubstituteBindings->handle(Object(Illuminate\\Http\\Request), Object(Closure))
#14 C:\\Users\\Administrator\\final-project\\vendor\\laravel\\framework\\src\\Illuminate\\Auth\\Middleware\\Authenticate.php(57): Illuminate\\Pipeline\\Pipeline->Illuminate\\Pipeline\\{closure}(Object(Illuminate\\Http\\Request))
#15 C:\\Users\\Administrator\\final-project\\vendor\\laravel\\framework\\src\\Illuminate\\Pipeline\\Pipeline.php(183): Illuminate\\Auth\\Middleware\\Authenticate->handle(Object(Illuminate\\Http\\Request), Object(Closure))
#16 C:\\Users\\Administrator\\final-project\\vendor\\laravel\\framework\\src\\Illuminate\\Foundation\\Http\\Middleware\\VerifyCsrfToken.php(78): Illuminate\\Pipeline\\Pipeline->Illuminate\\Pipeline\\{closure}(Object(Illuminate\\Http\\Request))
#17 C:\\Users\\Administrator\\final-project\\vendor\\laravel\\framework\\src\\Illuminate\\Pipeline\\Pipeline.php(183): Illuminate\\Foundation\\Http\\Middleware\\VerifyCsrfToken->handle(Object(Illuminate\\Http\\Request), Object(Closure))
#18 C:\\Users\\Administrator\\final-project\\vendor\\laravel\\framework\\src\\Illuminate\\View\\Middleware\\ShareErrorsFromSession.php(49): Illuminate\\Pipeline\\Pipeline->Illuminate\\Pipeline\\{closure}(Object(Illuminate\\Http\\Request))
#19 C:\\Users\\Administrator\\final-project\\vendor\\laravel\\framework\\src\\Illuminate\\Pipeline\\Pipeline.php(183): Illuminate\\View\\Middleware\\ShareErrorsFromSession->handle(Object(Illuminate\\Http\\Request), Object(Closure))
#20 C:\\Users\\Administrator\\final-project\\vendor\\laravel\\framework\\src\\Illuminate\\Session\\Middleware\\StartSession.php(121): Illuminate\\Pipeline\\Pipeline->Illuminate\\Pipeline\\{closure}(Object(Illuminate\\Http\\Request))
#21 C:\\Users\\Administrator\\final-project\\vendor\\laravel\\framework\\src\\Illuminate\\Session\\Middleware\\StartSession.php(64): Illuminate\\Session\\Middleware\\StartSession->handleStatefulRequest(Object(Illuminate\\Http\\Request), Object(Illuminate\\Session\\Store), Object(Closure))
#22 C:\\Users\\Administrator\\final-project\\vendor\\laravel\\framework\\src\\Illuminate\\Pipeline\\Pipeline.php(183): Illuminate\\Session\\Middleware\\StartSession->handle(Object(Illuminate\\Http\\Request), Object(Closure))
#23 C:\\Users\\Administrator\\final-project\\vendor\\laravel\\framework\\src\\Illuminate\\Cookie\\Middleware\\AddQueuedCookiesToResponse.php(37): Illuminate\\Pipeline\\Pipeline->Illuminate\\Pipeline\\{closure}(Object(Illuminate\\Http\\Request))
#24 C:\\Users\\Administrator\\final-project\\vendor\\laravel\\framework\\src\\Illuminate\\Pipeline\\Pipeline.php(183): Illuminate\\Cookie\\Middleware\\AddQueuedCookiesToResponse->handle(Object(Illuminate\\Http\\Request), Object(Closure))
#25 C:\\Users\\Administrator\\final-project\\vendor\\laravel\\framework\\src\\Illuminate\\Cookie\\Middleware\\EncryptCookies.php(67): Illuminate\\Pipeline\\Pipeline->Illuminate\\Pipeline\\{closure}(Object(Illuminate\\Http\\Request))
#26 C:\\Users\\Administrator\\final-project\\vendor\\laravel\\framework\\src\\Illuminate\\Pipeline\\Pipeline.php(183): Illuminate\\Cookie\\Middleware\\EncryptCookies->handle(Object(Illuminate\\Http\\Request), Object(Closure))
#27 C:\\Users\\Administrator\\final-project\\vendor\\laravel\\framework\\src\\Illuminate\\Pipeline\\Pipeline.php(119): Illuminate\\Pipeline\\Pipeline->Illuminate\\Pipeline\\{closure}(Object(Illuminate\\Http\\Request))
#28 C:\\Users\\Administrator\\final-project\\vendor\\laravel\\framework\\src\\Illuminate\\Routing\\Router.php(805): Illuminate\\Pipeline\\Pipeline->then(Object(Closure))
#29 C:\\Users\\Administrator\\final-project\\vendor\\laravel\\framework\\src\\Illuminate\\Routing\\Router.php(784): Illuminate\\Routing\\Router->runRouteWithinStack(Object(Illuminate\\Routing\\Route), Object(Illuminate\\Http\\Request))
#30 C:\\Users\\Administrator\\final-project\\vendor\\laravel\\framework\\src\\Illuminate\\Routing\\Router.php(748): Illuminate\\Routing\\Router->runRoute(Object(Illuminate\\Http\\Request), Object(Illuminate\\Routing\\Route))
#31 C:\\Users\\Administrator\\final-project\\vendor\\laravel\\framework\\src\\Illuminate\\Routing\\Router.php(737): Illuminate\\Routing\\Router->dispatchToRoute(Object(Illuminate\\Http\\Request))
#32 C:\\Users\\Administrator\\final-project\\vendor\\laravel\\framework\\src\\Illuminate\\Foundation\\Http\\Kernel.php(200): Illuminate\\Routing\\Router->dispatch(Object(Illuminate\\Http\\Request))
#33 C:\\Users\\Administrator\\final-project\\vendor\\laravel\\framework\\src\\Illuminate\\Pipeline\\Pipeline.php(144): Illuminate\\Foundation\\Http\\Kernel->Illuminate\\Foundation\\Http\\{closure}(Object(Illuminate\\Http\\Request))
#34 C:\\Users\\Administrator\\final-project\\vendor\\laravel\\framework\\src\\Illuminate\\Foundation\\Http\\Middleware\\TransformsRequest.php(21): Illuminate\\Pipeline\\Pipeline->Illuminate\\Pipeline\\{closure}(Object(Illuminate\\Http\\Request))
#35 C:\\Users\\Administrator\\final-project\\vendor\\laravel\\framework\\src\\Illuminate\\Foundation\\Http\\Middleware\\ConvertEmptyStringsToNull.php(31): Illuminate\\Foundation\\Http\\Middleware\\TransformsRequest->handle(Object(Illuminate\\Http\\Request), Object(Closure))
#36 C:\\Users\\Administrator\\final-project\\vendor\\laravel\\framework\\src\\Illuminate\\Pipeline\\Pipeline.php(183): Illuminate\\Foundation\\Http\\Middleware\\ConvertEmptyStringsToNull->handle(Object(Illuminate\\Http\\Request), Object(Closure))
#37 C:\\Users\\Administrator\\final-project\\vendor\\laravel\\framework\\src\\Illuminate\\Foundation\\Http\\Middleware\\TransformsRequest.php(21): Illuminate\\Pipeline\\Pipeline->Illuminate\\Pipeline\\{closure}(Object(Illuminate\\Http\\Request))
#38 C:\\Users\\Administrator\\final-project\\vendor\\laravel\\framework\\src\\Illuminate\\Foundation\\Http\\Middleware\\TrimStrings.php(40): Illuminate\\Foundation\\Http\\Middleware\\TransformsRequest->handle(Object(Illuminate\\Http\\Request), Object(Closure))
#39 C:\\Users\\Administrator\\final-project\\vendor\\laravel\\framework\\src\\Illuminate\\Pipeline\\Pipeline.php(183): Illuminate\\Foundation\\Http\\Middleware\\TrimStrings->handle(Object(Illuminate\\Http\\Request), Object(Closure))
#40 C:\\Users\\Administrator\\final-project\\vendor\\laravel\\framework\\src\\Illuminate\\Foundation\\Http\\Middleware\\ValidatePostSize.php(27): Illuminate\\Pipeline\\Pipeline->Illuminate\\Pipeline\\{closure}(Object(Illuminate\\Http\\Request))
#41 C:\\Users\\Administrator\\final-project\\vendor\\laravel\\framework\\src\\Illuminate\\Pipeline\\Pipeline.php(183): Illuminate\\Foundation\\Http\\Middleware\\ValidatePostSize->handle(Object(Illuminate\\Http\\Request), Object(Closure))
#42 C:\\Users\\Administrator\\final-project\\vendor\\laravel\\framework\\src\\Illuminate\\Foundation\\Http\\Middleware\\PreventRequestsDuringMaintenance.php(99): Illuminate\\Pipeline\\Pipeline->Illuminate\\Pipeline\\{closure}(Object(Illuminate\\Http\\Request))
#43 C:\\Users\\Administrator\\final-project\\vendor\\laravel\\framework\\src\\Illuminate\\Pipeline\\Pipeline.php(183): Illuminate\\Foundation\\Http\\Middleware\\PreventRequestsDuringMaintenance->handle(Object(Illuminate\\Http\\Request), Object(Closure))
#44 C:\\Users\\Administrator\\final-project\\vendor\\laravel\\framework\\src\\Illuminate\\Http\\Middleware\\HandleCors.php(49): Illuminate\\Pipeline\\Pipeline->Illuminate\\Pipeline\\{closure}(Object(Illuminate\\Http\\Request))
#45 C:\\Users\\Administrator\\final-project\\vendor\\laravel\\framework\\src\\Illuminate\\Pipeline\\Pipeline.php(183): Illuminate\\Http\\Middleware\\HandleCors->handle(Object(Illuminate\\Http\\Request), Object(Closure))
#46 C:\\Users\\Administrator\\final-project\\vendor\\laravel\\framework\\src\\Illuminate\\Http\\Middleware\\TrustProxies.php(39): Illuminate\\Pipeline\\Pipeline->Illuminate\\Pipeline\\{closure}(Object(Illuminate\\Http\\Request))
#47 C:\\Users\\Administrator\\final-project\\vendor\\laravel\\framework\\src\\Illuminate\\Pipeline\\Pipeline.php(183): Illuminate\\Http\\Middleware\\TrustProxies->handle(Object(Illuminate\\Http\\Request), Object(Closure))
#48 C:\\Users\\Administrator\\final-project\\vendor\\laravel\\framework\\src\\Illuminate\\Pipeline\\Pipeline.php(119): Illuminate\\Pipeline\\Pipeline->Illuminate\\Pipeline\\{closure}(Object(Illuminate\\Http\\Request))
#49 C:\\Users\\Administrator\\final-project\\vendor\\laravel\\framework\\src\\Illuminate\\Foundation\\Http\\Kernel.php(175): Illuminate\\Pipeline\\Pipeline->then(Object(Closure))
#50 C:\\Users\\Administrator\\final-project\\vendor\\laravel\\framework\\src\\Illuminate\\Foundation\\Http\\Kernel.php(144): Illuminate\\Foundation\\Http\\Kernel->sendRequestThroughRouter(Object(Illuminate\\Http\\Request))
#51 C:\\Users\\Administrator\\final-project\\public\\index.php(51): Illuminate\\Foundation\\Http\\Kernel->handle(Object(Illuminate\\Http\\Request))
#52 C:\\Users\\Administrator\\final-project\\vendor\\laravel\\framework\\src\\Illuminate\\Foundation\\resources\\server.php(16): require_once('C:\\\\Users\\\\Admini...')
#53 {main}

[previous exception] [object] (ParseError(code: 0): syntax error, unexpected identifier \"users\", expecting \")\" at C:\\Users\\Administrator\\final-project\\storage\\framework\\views\\fab0d0423cea266dee5444c1ae2cfb43.php:51)
[stacktrace]
#0 C:\\Users\\Administrator\\final-project\\vendor\\laravel\\framework\\src\\Illuminate\\Filesystem\\Filesystem.php(124): Illuminate\\Filesystem\\Filesystem::Illuminate\\Filesystem\\{closure}()
#1 C:\\Users\\Administrator\\final-project\\vendor\\laravel\\framework\\src\\Illuminate\\View\\Engines\\PhpEngine.php(58): Illuminate\\Filesystem\\Filesystem->getRequire('C:\\\\Users\\\\Admini...', Array)
#2 C:\\Users\\Administrator\\final-project\\vendor\\laravel\\framework\\src\\Illuminate\\View\\Engines\\CompilerEngine.php(72): Illuminate\\View\\Engines\\PhpEngine->evaluatePath('C:\\\\Users\\\\Admini...', Array)
#3 C:\\Users\\Administrator\\final-project\\vendor\\laravel\\framework\\src\\Illuminate\\View\\View.php(207): Illuminate\\View\\Engines\\CompilerEngine->get('C:\\\\Users\\\\Admini...', Array)
#4 C:\\Users\\Administrator\\final-project\\vendor\\laravel\\framework\\src\\Illuminate\\View\\View.php(190): Illuminate\\View\\View->getContents()
#5 C:\\Users\\Administrator\\final-project\\vendor\\laravel\\framework\\src\\Illuminate\\View\\View.php(159): Illuminate\\View\\View->renderContents()
#6 C:\\Users\\Administrator\\final-project\\vendor\\laravel\\framework\\src\\Illuminate\\Http\\Response.php(69): Illuminate\\View\\View->render()
#7 C:\\Users\\Administrator\\final-project\\vendor\\laravel\\framework\\src\\Illuminate\\Http\\Response.php(35): Illuminate\\Http\\Response->setContent(Object(Illuminate\\View\\View))
#8 C:\\Users\\Administrator\\final-project\\vendor\\laravel\\framework\\src\\Illuminate\\Routing\\Router.php(918): Illuminate\\Http\\Response->__construct(Object(Illuminate\\View\\View), 200, Array)
#9 C:\\Users\\Administrator\\final-project\\vendor\\laravel\\framework\\src\\Illuminate\\Routing\\Router.php(885): Illuminate\\Routing\\Router::toResponse(Object(Illuminate\\Http\\Request), Object(Illuminate\\View\\View))
#10 C:\\Users\\Administrator\\final-project\\vendor\\laravel\\framework\\src\\Illuminate\\Routing\\Router.php(805): Illuminate\\Routing\\Router->prepareResponse(Object(Illuminate\\Http\\Request), Object(Illuminate\\View\\View))
#11 C:\\Users\\Administrator\\final-project\\vendor\\laravel\\framework\\src\\Illuminate\\Pipeline\\Pipeline.php(144): Illuminate\\Routing\\Router->Illuminate\\Routing\\{closure}(Object(Illuminate\\Http\\Request))
#12 C:\\Users\\Administrator\\final-project\\vendor\\laravel\\framework\\src\\Illuminate\\Routing\\Middleware\\SubstituteBindings.php(50): Illuminate\\Pipeline\\Pipeline->Illuminate\\Pipeline\\{closure}(Object(Illuminate\\Http\\Request))
#13 C:\\Users\\Administrator\\final-project\\vendor\\laravel\\framework\\src\\Illuminate\\Pipeline\\Pipeline.php(183): Illuminate\\Routing\\Middleware\\SubstituteBindings->handle(Object(Illuminate\\Http\\Request), Object(Closure))
#14 C:\\Users\\Administrator\\final-project\\vendor\\laravel\\framework\\src\\Illuminate\\Auth\\Middleware\\Authenticate.php(57): Illuminate\\Pipeline\\Pipeline->Illuminate\\Pipeline\\{closure}(Object(Illuminate\\Http\\Request))
#15 C:\\Users\\Administrator\\final-project\\vendor\\laravel\\framework\\src\\Illuminate\\Pipeline\\Pipeline.php(183): Illuminate\\Auth\\Middleware\\Authenticate->handle(Object(Illuminate\\Http\\Request), Object(Closure))
#16 C:\\Users\\Administrator\\final-project\\vendor\\laravel\\framework\\src\\Illuminate\\Foundation\\Http\\Middleware\\VerifyCsrfToken.php(78): Illuminate\\Pipeline\\Pipeline->Illuminate\\Pipeline\\{closure}(Object(Illuminate\\Http\\Request))
#17 C:\\Users\\Administrator\\final-project\\vendor\\laravel\\framework\\src\\Illuminate\\Pipeline\\Pipeline.php(183): Illuminate\\Foundation\\Http\\Middleware\\VerifyCsrfToken->handle(Object(Illuminate\\Http\\Request), Object(Closure))
#18 C:\\Users\\Administrator\\final-project\\vendor\\laravel\\framework\\src\\Illuminate\\View\\Middleware\\ShareErrorsFromSession.php(49): Illuminate\\Pipeline\\Pipeline->Illuminate\\Pipeline\\{closure}(Object(Illuminate\\Http\\Request))
#19 C:\\Users\\Administrator\\final-project\\vendor\\laravel\\framework\\src\\Illuminate\\Pipeline\\Pipeline.php(183): Illuminate\\View\\Middleware\\ShareErrorsFromSession->handle(Object(Illuminate\\Http\\Request), Object(Closure))
#20 C:\\Users\\Administrator\\final-project\\vendor\\laravel\\framework\\src\\Illuminate\\Session\\Middleware\\StartSession.php(121): Illuminate\\Pipeline\\Pipeline->Illuminate\\Pipeline\\{closure}(Object(Illuminate\\Http\\Request))
#21 C:\\Users\\Administrator\\final-project\\vendor\\laravel\\framework\\src\\Illuminate\\Session\\Middleware\\StartSession.php(64): Illuminate\\Session\\Middleware\\StartSession->handleStatefulRequest(Object(Illuminate\\Http\\Request), Object(Illuminate\\Session\\Store), Object(Closure))
#22 C:\\Users\\Administrator\\final-project\\vendor\\laravel\\framework\\src\\Illuminate\\Pipeline\\Pipeline.php(183): Illuminate\\Session\\Middleware\\StartSession->handle(Object(Illuminate\\Http\\Request), Object(Closure))
#23 C:\\Users\\Administrator\\final-project\\vendor\\laravel\\framework\\src\\Illuminate\\Cookie\\Middleware\\AddQueuedCookiesToResponse.php(37): Illuminate\\Pipeline\\Pipeline->Illuminate\\Pipeline\\{closure}(Object(Illuminate\\Http\\Request))
#24 C:\\Users\\Administrator\\final-project\\vendor\\laravel\\framework\\src\\Illuminate\\Pipeline\\Pipeline.php(183): Illuminate\\Cookie\\Middleware\\AddQueuedCookiesToResponse->handle(Object(Illuminate\\Http\\Request), Object(Closure))
#25 C:\\Users\\Administrator\\final-project\\vendor\\laravel\\framework\\src\\Illuminate\\Cookie\\Middleware\\EncryptCookies.php(67): Illuminate\\Pipeline\\Pipeline->Illuminate\\Pipeline\\{closure}(Object(Illuminate\\Http\\Request))
#26 C:\\Users\\Administrator\\final-project\\vendor\\laravel\\framework\\src\\Illuminate\\Pipeline\\Pipeline.php(183): Illuminate\\Cookie\\Middleware\\EncryptCookies->handle(Object(Illuminate\\Http\\Request), Object(Closure))
#27 C:\\Users\\Administrator\\final-project\\vendor\\laravel\\framework\\src\\Illuminate\\Pipeline\\Pipeline.php(119): Illuminate\\Pipeline\\Pipeline->Illuminate\\Pipeline\\{closure}(Object(Illuminate\\Http\\Request))
#28 C:\\Users\\Administrator\\final-project\\vendor\\laravel\\framework\\src\\Illuminate\\Routing\\Router.php(805): Illuminate\\Pipeline\\Pipeline->then(Object(Closure))
#29 C:\\Users\\Administrator\\final-project\\vendor\\laravel\\framework\\src\\Illuminate\\Routing\\Router.php(784): Illuminate\\Routing\\Router->runRouteWithinStack(Object(Illuminate\\Routing\\Route), Object(Illuminate\\Http\\Request))
#30 C:\\Users\\Administrator\\final-project\\vendor\\laravel\\framework\\src\\Illuminate\\Routing\\Router.php(748): Illuminate\\Routing\\Router->runRoute(Object(Illuminate\\Http\\Request), Object(Illuminate\\Routing\\Route))
#31 C:\\Users\\Administrator\\final-project\\vendor\\laravel\\framework\\src\\Illuminate\\Routing\\Router.php(737): Illuminate\\Routing\\Router->dispatchToRoute(Object(Illuminate\\Http\\Request))
#32 C:\\Users\\Administrator\\final-project\\vendor\\laravel\\framework\\src\\Illuminate\\Foundation\\Http\\Kernel.php(200): Illuminate\\Routing\\Router->dispatch(Object(Illuminate\\Http\\Request))
#33 C:\\Users\\Administrator\\final-project\\vendor\\laravel\\framework\\src\\Illuminate\\Pipeline\\Pipeline.php(144): Illuminate\\Foundation\\Http\\Kernel->Illuminate\\Foundation\\Http\\{closure}(Object(Illuminate\\Http\\Request))
#34 C:\\Users\\Administrator\\final-project\\vendor\\laravel\\framework\\src\\Illuminate\\Foundation\\Http\\Middleware\\TransformsRequest.php(21): Illuminate\\Pipeline\\Pipeline->Illuminate\\Pipeline\\{closure}(Object(Illuminate\\Http\\Request))
#35 C:\\Users\\Administrator\\final-project\\vendor\\laravel\\framework\\src\\Illuminate\\Foundation\\Http\\Middleware\\ConvertEmptyStringsToNull.php(31): Illuminate\\Foundation\\Http\\Middleware\\TransformsRequest->handle(Object(Illuminate\\Http\\Request), Object(Closure))
#36 C:\\Users\\Administrator\\final-project\\vendor\\laravel\\framework\\src\\Illuminate\\Pipeline\\Pipeline.php(183): Illuminate\\Foundation\\Http\\Middleware\\ConvertEmptyStringsToNull->handle(Object(Illuminate\\Http\\Request), Object(Closure))
#37 C:\\Users\\Administrator\\final-project\\vendor\\laravel\\framework\\src\\Illuminate\\Foundation\\Http\\Middleware\\TransformsRequest.php(21): Illuminate\\Pipeline\\Pipeline->Illuminate\\Pipeline\\{closure}(Object(Illuminate\\Http\\Request))
#38 C:\\Users\\Administrator\\final-project\\vendor\\laravel\\framework\\src\\Illuminate\\Foundation\\Http\\Middleware\\TrimStrings.php(40): Illuminate\\Foundation\\Http\\Middleware\\TransformsRequest->handle(Object(Illuminate\\Http\\Request), Object(Closure))
#39 C:\\Users\\Administrator\\final-project\\vendor\\laravel\\framework\\src\\Illuminate\\Pipeline\\Pipeline.php(183): Illuminate\\Foundation\\Http\\Middleware\\TrimStrings->handle(Object(Illuminate\\Http\\Request), Object(Closure))
#40 C:\\Users\\Administrator\\final-project\\vendor\\laravel\\framework\\src\\Illuminate\\Foundation\\Http\\Middleware\\ValidatePostSize.php(27): Illuminate\\Pipeline\\Pipeline->Illuminate\\Pipeline\\{closure}(Object(Illuminate\\Http\\Request))
#41 C:\\Users\\Administrator\\final-project\\vendor\\laravel\\framework\\src\\Illuminate\\Pipeline\\Pipeline.php(183): Illuminate\\Foundation\\Http\\Middleware\\ValidatePostSize->handle(Object(Illuminate\\Http\\Request), Object(Closure))
#42 C:\\Users\\Administrator\\final-project\\vendor\\laravel\\framework\\src\\Illuminate\\Foundation\\Http\\Middleware\\PreventRequestsDuringMaintenance.php(99): Illuminate\\Pipeline\\Pipeline->Illuminate\\Pipeline\\{closure}(Object(Illuminate\\Http\\Request))
#43 C:\\Users\\Administrator\\final-project\\vendor\\laravel\\framework\\src\\Illuminate\\Pipeline\\Pipeline.php(183): Illuminate\\Foundation\\Http\\Middleware\\PreventRequestsDuringMaintenance->handle(Object(Illuminate\\Http\\Request), Object(Closure))
#44 C:\\Users\\Administrator\\final-project\\vendor\\laravel\\framework\\src\\Illuminate\\Http\\Middleware\\HandleCors.php(49): Illuminate\\Pipeline\\Pipeline->Illuminate\\Pipeline\\{closure}(Object(Illuminate\\Http\\Request))
#45 C:\\Users\\Administrator\\final-project\\vendor\\laravel\\framework\\src\\Illuminate\\Pipeline\\Pipeline.php(183): Illuminate\\Http\\Middleware\\HandleCors->handle(Object(Illuminate\\Http\\Request), Object(Closure))
#46 C:\\Users\\Administrator\\final-project\\vendor\\laravel\\framework\\src\\Illuminate\\Http\\Middleware\\TrustProxies.php(39): Illuminate\\Pipeline\\Pipeline->Illuminate\\Pipeline\\{closure}(Object(Illuminate\\Http\\Request))
#47 C:\\Users\\Administrator\\final-project\\vendor\\laravel\\framework\\src\\Illuminate\\Pipeline\\Pipeline.php(183): Illuminate\\Http\\Middleware\\TrustProxies->handle(Object(Illuminate\\Http\\Request), Object(Closure))
#48 C:\\Users\\Administrator\\final-project\\vendor\\laravel\\framework\\src\\Illuminate\\Pipeline\\Pipeline.php(119): Illuminate\\Pipeline\\Pipeline->Illuminate\\Pipeline\\{closure}(Object(Illuminate\\Http\\Request))
#49 C:\\Users\\Administrator\\final-project\\vendor\\laravel\\framework\\src\\Illuminate\\Foundation\\Http\\Kernel.php(175): Illuminate\\Pipeline\\Pipeline->then(Object(Closure))
#50 C:\\Users\\Administrator\\final-project\\vendor\\laravel\\framework\\src\\Illuminate\\Foundation\\Http\\Kernel.php(144): Illuminate\\Foundation\\Http\\Kernel->sendRequestThroughRouter(Object(Illuminate\\Http\\Request))
#51 C:\\Users\\Administrator\\final-project\\public\\index.php(51): Illuminate\\Foundation\\Http\\Kernel->handle(Object(Illuminate\\Http\\Request))
#52 C:\\Users\\Administrator\\final-project\\vendor\\laravel\\framework\\src\\Illuminate\\Foundation\\resources\\server.php(16): require_once('C:\\\\Users\\\\Admini...')
#53 {main}
"} 
[2026-07-12 20:54:12] local.ERROR: Trying to access array offset on null {"view":{"view":"C:\\Users\\Administrator\\final-project\\Modules\\Adminstration\\resources\\views\\users\\edit_admin.blade.php","data":{"errors":"<pre class=sf-dump id=sf-dump-875351428 data-indent-pad=\"  \"><span class=sf-dump-note>Illuminate\\Support\\ViewErrorBag</span> {<a class=sf-dump-ref>#608</a><samp data-depth=1 class=sf-dump-expanded>
  #<span class=sf-dump-protected title=\"Protected property\">bags</span>: []
</samp>}
</pre><script>Sfdump(\"sf-dump-875351428\", {\"maxDepth\":3,\"maxStringLength\":160})</script>
","user":"<pre class=sf-dump id=sf-dump-1215601967 data-indent-pad=\"  \"><span class=sf-dump-const>null</span>
</pre><script>Sfdump(\"sf-dump-1215601967\", {\"maxDepth\":3,\"maxStringLength\":160})</script>
","roles":"<pre class=sf-dump id=sf-dump-1396010706 data-indent-pad=\"  \"><span class=sf-dump-note>Illuminate\\Database\\Eloquent\\Collection</span> {<a class=sf-dump-ref>#1627</a><samp data-depth=1 class=sf-dump-expanded>
  #<span class=sf-dump-protected title=\"Protected property\">items</span>: <span class=sf-dump-note>array:3</span> [<samp data-depth=2 class=sf-dump-compact>
    <span class=sf-dump-index>0</span> => <span class=\"sf-dump-note sf-dump-ellipsization\" title=\"App\\Models\\Role
\"><span class=\"sf-dump-ellipsis sf-dump-ellipsis-note\">App\\Models</span><span class=\"sf-dump-ellipsis sf-dump-ellipsis-note\">\\</span><span class=\"sf-dump-ellipsis-tail\">Role</span></span> {<a class=sf-dump-ref>#1628</a><samp data-depth=3 class=sf-dump-compact>
      #<span class=sf-dump-protected title=\"Protected property\">connection</span>: \"<span class=sf-dump-str title=\"5 characters\">mysql</span>\"
      #<span class=sf-dump-protected title=\"Protected property\">table</span>: \"<span class=sf-dump-str title=\"5 characters\">roles</span>\"
      #<span class=sf-dump-protected title=\"Protected property\">primaryKey</span>: \"<span class=sf-dump-str title=\"2 characters\">id</span>\"
      #<span class=sf-dump-protected title=\"Protected property\">keyType</span>: \"<span class=sf-dump-str title=\"3 characters\">int</span>\"
      +<span class=sf-dump-public title=\"Public property\">incrementing</span>: <span class=sf-dump-const>true</span>
      #<span class=sf-dump-protected title=\"Protected property\">with</span>: []
      #<span class=sf-dump-protected title=\"Protected property\">withCount</span>: []
      +<span class=sf-dump-public title=\"Public property\">preventsLazyLoading</span>: <span class=sf-dump-const>false</span>
      #<span class=sf-dump-protected title=\"Protected property\">perPage</span>: <span class=sf-dump-num>15</span>
      +<span class=sf-dump-public title=\"Public property\">exists</span>: <span class=sf-dump-const>true</span>
      +<span class=sf-dump-public title=\"Public property\">wasRecentlyCreated</span>: <span class=sf-dump-const>false</span>
      #<span class=sf-dump-protected title=\"Protected property\">escapeWhenCastingToString</span>: <span class=sf-dump-const>false</span>
      #<span class=sf-dump-protected title=\"Protected property\">attributes</span>: <span class=sf-dump-note>array:5</span> [ &#8230;5]
      #<span class=sf-dump-protected title=\"Protected property\">original</span>: <span class=sf-dump-note>array:5</span> [ &#8230;5]
      #<span class=sf-dump-protected title=\"Protected property\">changes</span>: []
      #<span class=sf-dump-protected title=\"Protected property\">casts</span>: <span class=sf-dump-note>array:1</span> [ &#8230;1]
      #<span class=sf-dump-protected title=\"Protected property\">classCastCache</span>: []
      #<span class=sf-dump-protected title=\"Protected property\">attributeCastCache</span>: []
      #<span class=sf-dump-protected title=\"Protected property\">dateFormat</span>: <span class=sf-dump-const>null</span>
      #<span class=sf-dump-protected title=\"Protected property\">appends</span>: []
      #<span class=sf-dump-protected title=\"Protected property\">dispatchesEvents</span>: []
      #<span class=sf-dump-protected title=\"Protected property\">observables</span>: []
      #<span class=sf-dump-protected title=\"Protected property\">relations</span>: []
      #<span class=sf-dump-protected title=\"Protected property\">touches</span>: []
      +<span class=sf-dump-public title=\"Public property\">timestamps</span>: <span class=sf-dump-const>true</span>
      +<span class=sf-dump-public title=\"Public property\">usesUniqueIds</span>: <span class=sf-dump-const>false</span>
      #<span class=sf-dump-protected title=\"Protected property\">hidden</span>: []
      #<span class=sf-dump-protected title=\"Protected property\">visible</span>: []
      #<span class=sf-dump-protected title=\"Protected property\">fillable</span>: <span class=sf-dump-note>array:1</span> [ &#8230;1]
      #<span class=sf-dump-protected title=\"Protected property\">guarded</span>: <span class=sf-dump-note>array:1</span> [ &#8230;1]
      #<span class=sf-dump-protected title=\"Protected property\">dates</span>: <span class=sf-dump-note>array:1</span> [ &#8230;1]
      #<span class=sf-dump-protected title=\"Protected property\">forceDeleting</span>: <span class=sf-dump-const>false</span>
    </samp>}
    <span class=sf-dump-index>1</span> => <span class=\"sf-dump-note sf-dump-ellipsization\" title=\"App\\Models\\Role
\"><span class=\"sf-dump-ellipsis sf-dump-ellipsis-note\">App\\Models</span><span class=\"sf-dump-ellipsis sf-dump-ellipsis-note\">\\</span><span class=\"sf-dump-ellipsis-tail\">Role</span></span> {<a class=sf-dump-ref>#1629</a><samp data-depth=3 class=sf-dump-compact>
      #<span class=sf-dump-protected title=\"Protected property\">connection</span>: \"<span class=sf-dump-str title=\"5 characters\">mysql</span>\"
      #<span class=sf-dump-protected title=\"Protected property\">table</span>: \"<span class=sf-dump-str title=\"5 characters\">roles</span>\"
      #<span class=sf-dump-protected title=\"Protected property\">primaryKey</span>: \"<span class=sf-dump-str title=\"2 characters\">id</span>\"
      #<span class=sf-dump-protected title=\"Protected property\">keyType</span>: \"<span class=sf-dump-str title=\"3 characters\">int</span>\"
      +<span class=sf-dump-public title=\"Public property\">incrementing</span>: <span class=sf-dump-const>true</span>
      #<span class=sf-dump-protected title=\"Protected property\">with</span>: []
      #<span class=sf-dump-protected title=\"Protected property\">withCount</span>: []
      +<span class=sf-dump-public title=\"Public property\">preventsLazyLoading</span>: <span class=sf-dump-const>false</span>
      #<span class=sf-dump-protected title=\"Protected property\">perPage</span>: <span class=sf-dump-num>15</span>
      +<span class=sf-dump-public title=\"Public property\">exists</span>: <span class=sf-dump-const>true</span>
      +<span class=sf-dump-public title=\"Public property\">wasRecentlyCreated</span>: <span class=sf-dump-const>false</span>
      #<span class=sf-dump-protected title=\"Protected property\">escapeWhenCastingToString</span>: <span class=sf-dump-const>false</span>
      #<span class=sf-dump-protected title=\"Protected property\">attributes</span>: <span class=sf-dump-note>array:5</span> [ &#8230;5]
      #<span class=sf-dump-protected title=\"Protected property\">original</span>: <span class=sf-dump-note>array:5</span> [ &#8230;5]
      #<span class=sf-dump-protected title=\"Protected property\">changes</span>: []
      #<span class=sf-dump-protected title=\"Protected property\">casts</span>: <span class=sf-dump-note>array:1</span> [ &#8230;1]
      #<span class=sf-dump-protected title=\"Protected property\">classCastCache</span>: []
      #<span class=sf-dump-protected title=\"Protected property\">attributeCastCache</span>: []
      #<span class=sf-dump-protected title=\"Protected property\">dateFormat</span>: <span class=sf-dump-const>null</span>
      #<span class=sf-dump-protected title=\"Protected property\">appends</span>: []
      #<span class=sf-dump-protected title=\"Protected property\">dispatchesEvents</span>: []
      #<span class=sf-dump-protected title=\"Protected property\">observables</span>: []
      #<span class=sf-dump-protected title=\"Protected property\">relations</span>: []
      #<span class=sf-dump-protected title=\"Protected property\">touches</span>: []
      +<span class=sf-dump-public title=\"Public property\">timestamps</span>: <span class=sf-dump-const>true</span>
      +<span class=sf-dump-public title=\"Public property\">usesUniqueIds</span>: <span class=sf-dump-const>false</span>
      #<span class=sf-dump-protected title=\"Protected property\">hidden</span>: []
      #<span class=sf-dump-protected title=\"Protected property\">visible</span>: []
      #<span class=sf-dump-protected title=\"Protected property\">fillable</span>: <span class=sf-dump-note>array:1</span> [ &#8230;1]
      #<span class=sf-dump-protected title=\"Protected property\">guarded</span>: <span class=sf-dump-note>array:1</span> [ &#8230;1]
      #<span class=sf-dump-protected title=\"Protected property\">dates</span>: <span class=sf-dump-note>array:1</span> [ &#8230;1]
      #<span class=sf-dump-protected title=\"Protected property\">forceDeleting</span>: <span class=sf-dump-const>false</span>
    </samp>}
    <span class=sf-dump-index>2</span> => <span class=\"sf-dump-note sf-dump-ellipsization\" title=\"App\\Models\\Role
\"><span class=\"sf-dump-ellipsis sf-dump-ellipsis-note\">App\\Models</span><span class=\"sf-dump-ellipsis sf-dump-ellipsis-note\">\\</span><span class=\"sf-dump-ellipsis-tail\">Role</span></span> {<a class=sf-dump-ref>#1630</a><samp data-depth=3 class=sf-dump-compact>
      #<span class=sf-dump-protected title=\"Protected property\">connection</span>: \"<span class=sf-dump-str title=\"5 characters\">mysql</span>\"
      #<span class=sf-dump-protected title=\"Protected property\">table</span>: \"<span class=sf-dump-str title=\"5 characters\">roles</span>\"
      #<span class=sf-dump-protected title=\"Protected property\">primaryKey</span>: \"<span class=sf-dump-str title=\"2 characters\">id</span>\"
      #<span class=sf-dump-protected title=\"Protected property\">keyType</span>: \"<span class=sf-dump-str title=\"3 characters\">int</span>\"
      +<span class=sf-dump-public title=\"Public property\">incrementing</span>: <span class=sf-dump-const>true</span>
      #<span class=sf-dump-protected title=\"Protected property\">with</span>: []
      #<span class=sf-dump-protected title=\"Protected property\">withCount</span>: []
      +<span class=sf-dump-public title=\"Public property\">preventsLazyLoading</span>: <span class=sf-dump-const>false</span>
      #<span class=sf-dump-protected title=\"Protected property\">perPage</span>: <span class=sf-dump-num>15</span>
      +<span class=sf-dump-public title=\"Public property\">exists</span>: <span class=sf-dump-const>true</span>
      +<span class=sf-dump-public title=\"Public property\">wasRecentlyCreated</span>: <span class=sf-dump-const>false</span>
      #<span class=sf-dump-protected title=\"Protected property\">escapeWhenCastingToString</span>: <span class=sf-dump-const>false</span>
      #<span class=sf-dump-protected title=\"Protected property\">attributes</span>: <span class=sf-dump-note>array:5</span> [ &#8230;5]
      #<span class=sf-dump-protected title=\"Protected property\">original</span>: <span class=sf-dump-note>array:5</span> [ &#8230;5]
      #<span class=sf-dump-protected title=\"Protected property\">changes</span>: []
      #<span class=sf-dump-protected title=\"Protected property\">casts</span>: <span class=sf-dump-note>array:1</span> [ &#8230;1]
      #<span class=sf-dump-protected title=\"Protected property\">classCastCache</span>: []
      #<span class=sf-dump-protected title=\"Protected property\">attributeCastCache</span>: []
      #<span class=sf-dump-protected title=\"Protected property\">dateFormat</span>: <span class=sf-dump-const>null</span>
      #<span class=sf-dump-protected title=\"Protected property\">appends</span>: []
      #<span class=sf-dump-protected title=\"Protected property\">dispatchesEvents</span>: []
      #<span class=sf-dump-protected title=\"Protected property\">observables</span>: []
      #<span class=sf-dump-protected title=\"Protected property\">relations</span>: []
      #<span class=sf-dump-protected title=\"Protected property\">touches</span>: []
      +<span class=sf-dump-public title=\"Public property\">timestamps</span>: <span class=sf-dump-const>true</span>
      +<span class=sf-dump-public title=\"Public property\">usesUniqueIds</span>: <span class=sf-dump-const>false</span>
      #<span class=sf-dump-protected title=\"Protected property\">hidden</span>: []
      #<span class=sf-dump-protected title=\"Protected property\">visible</span>: []
      #<span class=sf-dump-protected title=\"Protected property\">fillable</span>: <span class=sf-dump-note>array:1</span> [ &#8230;1]
      #<span class=sf-dump-protected title=\"Protected property\">guarded</span>: <span class=sf-dump-note>array:1</span> [ &#8230;1]
      #<span class=sf-dump-protected title=\"Protected property\">dates</span>: <span class=sf-dump-note>array:1</span> [ &#8230;1]
      #<span class=sf-dump-protected title=\"Protected property\">forceDeleting</span>: <span class=sf-dump-const>false</span>
    </samp>}
  </samp>]
  #<span class=sf-dump-protected title=\"Protected property\">escapeWhenCastingToString</span>: <span class=sf-dump-const>false</span>
</samp>}
</pre><script>Sfdump(\"sf-dump-1396010706\", {\"maxDepth\":3,\"maxStringLength\":160})</script>
"}},"userId":2,"exception":"[object] (Spatie\\LaravelIgnition\\Exceptions\\ViewException(code: 0): Trying to access array offset on null at C:\\Users\\Administrator\\final-project\\Modules\\Adminstration\\resources\\views\\users\\edit_admin.blade.php:52)
[stacktrace]
#0 C:\\Users\\Administrator\\final-project\\vendor\\laravel\\framework\\src\\Illuminate\\Filesystem\\Filesystem.php(123): require('C:\\\\Users\\\\Admini...')
#1 C:\\Users\\Administrator\\final-project\\vendor\\laravel\\framework\\src\\Illuminate\\Filesystem\\Filesystem.php(124): Illuminate\\Filesystem\\Filesystem::Illuminate\\Filesystem\\{closure}()
#2 C:\\Users\\Administrator\\final-project\\vendor\\laravel\\framework\\src\\Illuminate\\View\\Engines\\PhpEngine.php(58): Illuminate\\Filesystem\\Filesystem->getRequire('C:\\\\Users\\\\Admini...', Array)
#3 C:\\Users\\Administrator\\final-project\\vendor\\laravel\\framework\\src\\Illuminate\\View\\Engines\\CompilerEngine.php(72): Illuminate\\View\\Engines\\PhpEngine->evaluatePath('C:\\\\Users\\\\Admini...', Array)
#4 C:\\Users\\Administrator\\final-project\\vendor\\laravel\\framework\\src\\Illuminate\\View\\View.php(207): Illuminate\\View\\Engines\\CompilerEngine->get('C:\\\\Users\\\\Admini...', Array)
#5 C:\\Users\\Administrator\\final-project\\vendor\\laravel\\framework\\src\\Illuminate\\View\\View.php(190): Illuminate\\View\\View->getContents()
#6 C:\\Users\\Administrator\\final-project\\vendor\\laravel\\framework\\src\\Illuminate\\View\\View.php(159): Illuminate\\View\\View->renderContents()
#7 C:\\Users\\Administrator\\final-project\\vendor\\laravel\\framework\\src\\Illuminate\\Http\\Response.php(69): Illuminate\\View\\View->render()
#8 C:\\Users\\Administrator\\final-project\\vendor\\laravel\\framework\\src\\Illuminate\\Http\\Response.php(35): Illuminate\\Http\\Response->setContent(Object(Illuminate\\View\\View))
#9 C:\\Users\\Administrator\\final-project\\vendor\\laravel\\framework\\src\\Illuminate\\Routing\\Router.php(918): Illuminate\\Http\\Response->__construct(Object(Illuminate\\View\\View), 200, Array)
#10 C:\\Users\\Administrator\\final-project\\vendor\\laravel\\framework\\src\\Illuminate\\Routing\\Router.php(885): Illuminate\\Routing\\Router::toResponse(Object(Illuminate\\Http\\Request), Object(Illuminate\\View\\View))
#11 C:\\Users\\Administrator\\final-project\\vendor\\laravel\\framework\\src\\Illuminate\\Routing\\Router.php(805): Illuminate\\Routing\\Router->prepareResponse(Object(Illuminate\\Http\\Request), Object(Illuminate\\View\\View))
#12 C:\\Users\\Administrator\\final-project\\vendor\\laravel\\framework\\src\\Illuminate\\Pipeline\\Pipeline.php(144): Illuminate\\Routing\\Router->Illuminate\\Routing\\{closure}(Object(Illuminate\\Http\\Request))
#13 C:\\Users\\Administrator\\final-project\\vendor\\laravel\\framework\\src\\Illuminate\\Routing\\Middleware\\SubstituteBindings.php(50): Illuminate\\Pipeline\\Pipeline->Illuminate\\Pipeline\\{closure}(Object(Illuminate\\Http\\Request))
#14 C:\\Users\\Administrator\\final-project\\vendor\\laravel\\framework\\src\\Illuminate\\Pipeline\\Pipeline.php(183): Illuminate\\Routing\\Middleware\\SubstituteBindings->handle(Object(Illuminate\\Http\\Request), Object(Closure))
#15 C:\\Users\\Administrator\\final-project\\vendor\\laravel\\framework\\src\\Illuminate\\Auth\\Middleware\\Authenticate.php(57): Illuminate\\Pipeline\\Pipeline->Illuminate\\Pipeline\\{closure}(Object(Illuminate\\Http\\Request))
#16 C:\\Users\\Administrator\\final-project\\vendor\\laravel\\framework\\src\\Illuminate\\Pipeline\\Pipeline.php(183): Illuminate\\Auth\\Middleware\\Authenticate->handle(Object(Illuminate\\Http\\Request), Object(Closure))
#17 C:\\Users\\Administrator\\final-project\\vendor\\laravel\\framework\\src\\Illuminate\\Foundation\\Http\\Middleware\\VerifyCsrfToken.php(78): Illuminate\\Pipeline\\Pipeline->Illuminate\\Pipeline\\{closure}(Object(Illuminate\\Http\\Request))
#18 C:\\Users\\Administrator\\final-project\\vendor\\laravel\\framework\\src\\Illuminate\\Pipeline\\Pipeline.php(183): Illuminate\\Foundation\\Http\\Middleware\\VerifyCsrfToken->handle(Object(Illuminate\\Http\\Request), Object(Closure))
#19 C:\\Users\\Administrator\\final-project\\vendor\\laravel\\framework\\src\\Illuminate\\View\\Middleware\\ShareErrorsFromSession.php(49): Illuminate\\Pipeline\\Pipeline->Illuminate\\Pipeline\\{closure}(Object(Illuminate\\Http\\Request))
#20 C:\\Users\\Administrator\\final-project\\vendor\\laravel\\framework\\src\\Illuminate\\Pipeline\\Pipeline.php(183): Illuminate\\View\\Middleware\\ShareErrorsFromSession->handle(Object(Illuminate\\Http\\Request), Object(Closure))
#21 C:\\Users\\Administrator\\final-project\\vendor\\laravel\\framework\\src\\Illuminate\\Session\\Middleware\\StartSession.php(121): Illuminate\\Pipeline\\Pipeline->Illuminate\\Pipeline\\{closure}(Object(Illuminate\\Http\\Request))
#22 C:\\Users\\Administrator\\final-project\\vendor\\laravel\\framework\\src\\Illuminate\\Session\\Middleware\\StartSession.php(64): Illuminate\\Session\\Middleware\\StartSession->handleStatefulRequest(Object(Illuminate\\Http\\Request), Object(Illuminate\\Session\\Store), Object(Closure))
#23 C:\\Users\\Administrator\\final-project\\vendor\\laravel\\framework\\src\\Illuminate\\Pipeline\\Pipeline.php(183): Illuminate\\Session\\Middleware\\StartSession->handle(Object(Illuminate\\Http\\Request), Object(Closure))
#24 C:\\Users\\Administrator\\final-project\\vendor\\laravel\\framework\\src\\Illuminate\\Cookie\\Middleware\\AddQueuedCookiesToResponse.php(37): Illuminate\\Pipeline\\Pipeline->Illuminate\\Pipeline\\{closure}(Object(Illuminate\\Http\\Request))
#25 C:\\Users\\Administrator\\final-project\\vendor\\laravel\\framework\\src\\Illuminate\\Pipeline\\Pipeline.php(183): Illuminate\\Cookie\\Middleware\\AddQueuedCookiesToResponse->handle(Object(Illuminate\\Http\\Request), Object(Closure))
#26 C:\\Users\\Administrator\\final-project\\vendor\\laravel\\framework\\src\\Illuminate\\Cookie\\Middleware\\EncryptCookies.php(67): Illuminate\\Pipeline\\Pipeline->Illuminate\\Pipeline\\{closure}(Object(Illuminate\\Http\\Request))
#27 C:\\Users\\Administrator\\final-project\\vendor\\laravel\\framework\\src\\Illuminate\\Pipeline\\Pipeline.php(183): Illuminate\\Cookie\\Middleware\\EncryptCookies->handle(Object(Illuminate\\Http\\Request), Object(Closure))
#28 C:\\Users\\Administrator\\final-project\\vendor\\laravel\\framework\\src\\Illuminate\\Pipeline\\Pipeline.php(119): Illuminate\\Pipeline\\Pipeline->Illuminate\\Pipeline\\{closure}(Object(Illuminate\\Http\\Request))
#29 C:\\Users\\Administrator\\final-project\\vendor\\laravel\\framework\\src\\Illuminate\\Routing\\Router.php(805): Illuminate\\Pipeline\\Pipeline->then(Object(Closure))
#30 C:\\Users\\Administrator\\final-project\\vendor\\laravel\\framework\\src\\Illuminate\\Routing\\Router.php(784): Illuminate\\Routing\\Router->runRouteWithinStack(Object(Illuminate\\Routing\\Route), Object(Illuminate\\Http\\Request))
#31 C:\\Users\\Administrator\\final-project\\vendor\\laravel\\framework\\src\\Illuminate\\Routing\\Router.php(748): Illuminate\\Routing\\Router->runRoute(Object(Illuminate\\Http\\Request), Object(Illuminate\\Routing\\Route))
#32 C:\\Users\\Administrator\\final-project\\vendor\\laravel\\framework\\src\\Illuminate\\Routing\\Router.php(737): Illuminate\\Routing\\Router->dispatchToRoute(Object(Illuminate\\Http\\Request))
#33 C:\\Users\\Administrator\\final-project\\vendor\\laravel\\framework\\src\\Illuminate\\Foundation\\Http\\Kernel.php(200): Illuminate\\Routing\\Router->dispatch(Object(Illuminate\\Http\\Request))
#34 C:\\Users\\Administrator\\final-project\\vendor\\laravel\\framework\\src\\Illuminate\\Pipeline\\Pipeline.php(144): Illuminate\\Foundation\\Http\\Kernel->Illuminate\\Foundation\\Http\\{closure}(Object(Illuminate\\Http\\Request))
#35 C:\\Users\\Administrator\\final-project\\vendor\\laravel\\framework\\src\\Illuminate\\Foundation\\Http\\Middleware\\TransformsRequest.php(21): Illuminate\\Pipeline\\Pipeline->Illuminate\\Pipeline\\{closure}(Object(Illuminate\\Http\\Request))
#36 C:\\Users\\Administrator\\final-project\\vendor\\laravel\\framework\\src\\Illuminate\\Foundation\\Http\\Middleware\\ConvertEmptyStringsToNull.php(31): Illuminate\\Foundation\\Http\\Middleware\\TransformsRequest->handle(Object(Illuminate\\Http\\Request), Object(Closure))
#37 C:\\Users\\Administrator\\final-project\\vendor\\laravel\\framework\\src\\Illuminate\\Pipeline\\Pipeline.php(183): Illuminate\\Foundation\\Http\\Middleware\\ConvertEmptyStringsToNull->handle(Object(Illuminate\\Http\\Request), Object(Closure))
#38 C:\\Users\\Administrator\\final-project\\vendor\\laravel\\framework\\src\\Illuminate\\Foundation\\Http\\Middleware\\TransformsRequest.php(21): Illuminate\\Pipeline\\Pipeline->Illuminate\\Pipeline\\{closure}(Object(Illuminate\\Http\\Request))
#39 C:\\Users\\Administrator\\final-project\\vendor\\laravel\\framework\\src\\Illuminate\\Foundation\\Http\\Middleware\\TrimStrings.php(40): Illuminate\\Foundation\\Http\\Middleware\\TransformsRequest->handle(Object(Illuminate\\Http\\Request), Object(Closure))
#40 C:\\Users\\Administrator\\final-project\\vendor\\laravel\\framework\\src\\Illuminate\\Pipeline\\Pipeline.php(183): Illuminate\\Foundation\\Http\\Middleware\\TrimStrings->handle(Object(Illuminate\\Http\\Request), Object(Closure))
#41 C:\\Users\\Administrator\\final-project\\vendor\\laravel\\framework\\src\\Illuminate\\Foundation\\Http\\Middleware\\ValidatePostSize.php(27): Illuminate\\Pipeline\\Pipeline->Illuminate\\Pipeline\\{closure}(Object(Illuminate\\Http\\Request))
#42 C:\\Users\\Administrator\\final-project\\vendor\\laravel\\framework\\src\\Illuminate\\Pipeline\\Pipeline.php(183): Illuminate\\Foundation\\Http\\Middleware\\ValidatePostSize->handle(Object(Illuminate\\Http\\Request), Object(Closure))
#43 C:\\Users\\Administrator\\final-project\\vendor\\laravel\\framework\\src\\Illuminate\\Foundation\\Http\\Middleware\\PreventRequestsDuringMaintenance.php(99): Illuminate\\Pipeline\\Pipeline->Illuminate\\Pipeline\\{closure}(Object(Illuminate\\Http\\Request))
#44 C:\\Users\\Administrator\\final-project\\vendor\\laravel\\framework\\src\\Illuminate\\Pipeline\\Pipeline.php(183): Illuminate\\Foundation\\Http\\Middleware\\PreventRequestsDuringMaintenance->handle(Object(Illuminate\\Http\\Request), Object(Closure))
#45 C:\\Users\\Administrator\\final-project\\vendor\\laravel\\framework\\src\\Illuminate\\Http\\Middleware\\HandleCors.php(49): Illuminate\\Pipeline\\Pipeline->Illuminate\\Pipeline\\{closure}(Object(Illuminate\\Http\\Request))
#46 C:\\Users\\Administrator\\final-project\\vendor\\laravel\\framework\\src\\Illuminate\\Pipeline\\Pipeline.php(183): Illuminate\\Http\\Middleware\\HandleCors->handle(Object(Illuminate\\Http\\Request), Object(Closure))
#47 C:\\Users\\Administrator\\final-project\\vendor\\laravel\\framework\\src\\Illuminate\\Http\\Middleware\\TrustProxies.php(39): Illuminate\\Pipeline\\Pipeline->Illuminate\\Pipeline\\{closure}(Object(Illuminate\\Http\\Request))
#48 C:\\Users\\Administrator\\final-project\\vendor\\laravel\\framework\\src\\Illuminate\\Pipeline\\Pipeline.php(183): Illuminate\\Http\\Middleware\\TrustProxies->handle(Object(Illuminate\\Http\\Request), Object(Closure))
#49 C:\\Users\\Administrator\\final-project\\vendor\\laravel\\framework\\src\\Illuminate\\Pipeline\\Pipeline.php(119): Illuminate\\Pipeline\\Pipeline->Illuminate\\Pipeline\\{closure}(Object(Illuminate\\Http\\Request))
#50 C:\\Users\\Administrator\\final-project\\vendor\\laravel\\framework\\src\\Illuminate\\Foundation\\Http\\Kernel.php(175): Illuminate\\Pipeline\\Pipeline->then(Object(Closure))
#51 C:\\Users\\Administrator\\final-project\\vendor\\laravel\\framework\\src\\Illuminate\\Foundation\\Http\\Kernel.php(144): Illuminate\\Foundation\\Http\\Kernel->sendRequestThroughRouter(Object(Illuminate\\Http\\Request))
#52 C:\\Users\\Administrator\\final-project\\public\\index.php(51): Illuminate\\Foundation\\Http\\Kernel->handle(Object(Illuminate\\Http\\Request))
#53 C:\\Users\\Administrator\\final-project\\vendor\\laravel\\framework\\src\\Illuminate\\Foundation\\resources\\server.php(16): require_once('C:\\\\Users\\\\Admini...')
#54 {main}

[previous exception] [object] (ErrorException(code: 0): Trying to access array offset on null at C:\\Users\\Administrator\\final-project\\storage\\framework\\views\\fab0d0423cea266dee5444c1ae2cfb43.php:51)
[stacktrace]
#0 C:\\Users\\Administrator\\final-project\\vendor\\laravel\\framework\\src\\Illuminate\\Foundation\\Bootstrap\\HandleExceptions.php(255): Illuminate\\Foundation\\Bootstrap\\HandleExceptions->handleError(2, 'Trying to acces...', 'C:\\\\Users\\\\Admini...', 51)
#1 C:\\Users\\Administrator\\final-project\\storage\\framework\\views\\fab0d0423cea266dee5444c1ae2cfb43.php(51): Illuminate\\Foundation\\Bootstrap\\HandleExceptions->Illuminate\\Foundation\\Bootstrap\\{closure}(2, 'Trying to acces...', 'C:\\\\Users\\\\Admini...', 51)
#2 C:\\Users\\Administrator\\final-project\\vendor\\laravel\\framework\\src\\Illuminate\\Filesystem\\Filesystem.php(123): require('C:\\\\Users\\\\Admini...')
#3 C:\\Users\\Administrator\\final-project\\vendor\\laravel\\framework\\src\\Illuminate\\Filesystem\\Filesystem.php(124): Illuminate\\Filesystem\\Filesystem::Illuminate\\Filesystem\\{closure}()
#4 C:\\Users\\Administrator\\final-project\\vendor\\laravel\\framework\\src\\Illuminate\\View\\Engines\\PhpEngine.php(58): Illuminate\\Filesystem\\Filesystem->getRequire('C:\\\\Users\\\\Admini...', Array)
#5 C:\\Users\\Administrator\\final-project\\vendor\\laravel\\framework\\src\\Illuminate\\View\\Engines\\CompilerEngine.php(72): Illuminate\\View\\Engines\\PhpEngine->evaluatePath('C:\\\\Users\\\\Admini...', Array)
#6 C:\\Users\\Administrator\\final-project\\vendor\\laravel\\framework\\src\\Illuminate\\View\\View.php(207): Illuminate\\View\\Engines\\CompilerEngine->get('C:\\\\Users\\\\Admini...', Array)
#7 C:\\Users\\Administrator\\final-project\\vendor\\laravel\\framework\\src\\Illuminate\\View\\View.php(190): Illuminate\\View\\View->getContents()
#8 C:\\Users\\Administrator\\final-project\\vendor\\laravel\\framework\\src\\Illuminate\\View\\View.php(159): Illuminate\\View\\View->renderContents()
#9 C:\\Users\\Administrator\\final-project\\vendor\\laravel\\framework\\src\\Illuminate\\Http\\Response.php(69): Illuminate\\View\\View->render()
#10 C:\\Users\\Administrator\\final-project\\vendor\\laravel\\framework\\src\\Illuminate\\Http\\Response.php(35): Illuminate\\Http\\Response->setContent(Object(Illuminate\\View\\View))
#11 C:\\Users\\Administrator\\final-project\\vendor\\laravel\\framework\\src\\Illuminate\\Routing\\Router.php(918): Illuminate\\Http\\Response->__construct(Object(Illuminate\\View\\View), 200, Array)
#12 C:\\Users\\Administrator\\final-project\\vendor\\laravel\\framework\\src\\Illuminate\\Routing\\Router.php(885): Illuminate\\Routing\\Router::toResponse(Object(Illuminate\\Http\\Request), Object(Illuminate\\View\\View))
#13 C:\\Users\\Administrator\\final-project\\vendor\\laravel\\framework\\src\\Illuminate\\Routing\\Router.php(805): Illuminate\\Routing\\Router->prepareResponse(Object(Illuminate\\Http\\Request), Object(Illuminate\\View\\View))
#14 C:\\Users\\Administrator\\final-project\\vendor\\laravel\\framework\\src\\Illuminate\\Pipeline\\Pipeline.php(144): Illuminate\\Routing\\Router->Illuminate\\Routing\\{closure}(Object(Illuminate\\Http\\Request))
#15 C:\\Users\\Administrator\\final-project\\vendor\\laravel\\framework\\src\\Illuminate\\Routing\\Middleware\\SubstituteBindings.php(50): Illuminate\\Pipeline\\Pipeline->Illuminate\\Pipeline\\{closure}(Object(Illuminate\\Http\\Request))
#16 C:\\Users\\Administrator\\final-project\\vendor\\laravel\\framework\\src\\Illuminate\\Pipeline\\Pipeline.php(183): Illuminate\\Routing\\Middleware\\SubstituteBindings->handle(Object(Illuminate\\Http\\Request), Object(Closure))
#17 C:\\Users\\Administrator\\final-project\\vendor\\laravel\\framework\\src\\Illuminate\\Auth\\Middleware\\Authenticate.php(57): Illuminate\\Pipeline\\Pipeline->Illuminate\\Pipeline\\{closure}(Object(Illuminate\\Http\\Request))
#18 C:\\Users\\Administrator\\final-project\\vendor\\laravel\\framework\\src\\Illuminate\\Pipeline\\Pipeline.php(183): Illuminate\\Auth\\Middleware\\Authenticate->handle(Object(Illuminate\\Http\\Request), Object(Closure))
#19 C:\\Users\\Administrator\\final-project\\vendor\\laravel\\framework\\src\\Illuminate\\Foundation\\Http\\Middleware\\VerifyCsrfToken.php(78): Illuminate\\Pipeline\\Pipeline->Illuminate\\Pipeline\\{closure}(Object(Illuminate\\Http\\Request))
#20 C:\\Users\\Administrator\\final-project\\vendor\\laravel\\framework\\src\\Illuminate\\Pipeline\\Pipeline.php(183): Illuminate\\Foundation\\Http\\Middleware\\VerifyCsrfToken->handle(Object(Illuminate\\Http\\Request), Object(Closure))
#21 C:\\Users\\Administrator\\final-project\\vendor\\laravel\\framework\\src\\Illuminate\\View\\Middleware\\ShareErrorsFromSession.php(49): Illuminate\\Pipeline\\Pipeline->Illuminate\\Pipeline\\{closure}(Object(Illuminate\\Http\\Request))
#22 C:\\Users\\Administrator\\final-project\\vendor\\laravel\\framework\\src\\Illuminate\\Pipeline\\Pipeline.php(183): Illuminate\\View\\Middleware\\ShareErrorsFromSession->handle(Object(Illuminate\\Http\\Request), Object(Closure))
#23 C:\\Users\\Administrator\\final-project\\vendor\\laravel\\framework\\src\\Illuminate\\Session\\Middleware\\StartSession.php(121): Illuminate\\Pipeline\\Pipeline->Illuminate\\Pipeline\\{closure}(Object(Illuminate\\Http\\Request))
#24 C:\\Users\\Administrator\\final-project\\vendor\\laravel\\framework\\src\\Illuminate\\Session\\Middleware\\StartSession.php(64): Illuminate\\Session\\Middleware\\StartSession->handleStatefulRequest(Object(Illuminate\\Http\\Request), Object(Illuminate\\Session\\Store), Object(Closure))
#25 C:\\Users\\Administrator\\final-project\\vendor\\laravel\\framework\\src\\Illuminate\\Pipeline\\Pipeline.php(183): Illuminate\\Session\\Middleware\\StartSession->handle(Object(Illuminate\\Http\\Request), Object(Closure))
#26 C:\\Users\\Administrator\\final-project\\vendor\\laravel\\framework\\src\\Illuminate\\Cookie\\Middleware\\AddQueuedCookiesToResponse.php(37): Illuminate\\Pipeline\\Pipeline->Illuminate\\Pipeline\\{closure}(Object(Illuminate\\Http\\Request))
#27 C:\\Users\\Administrator\\final-project\\vendor\\laravel\\framework\\src\\Illuminate\\Pipeline\\Pipeline.php(183): Illuminate\\Cookie\\Middleware\\AddQueuedCookiesToResponse->handle(Object(Illuminate\\Http\\Request), Object(Closure))
#28 C:\\Users\\Administrator\\final-project\\vendor\\laravel\\framework\\src\\Illuminate\\Cookie\\Middleware\\EncryptCookies.php(67): Illuminate\\Pipeline\\Pipeline->Illuminate\\Pipeline\\{closure}(Object(Illuminate\\Http\\Request))
#29 C:\\Users\\Administrator\\final-project\\vendor\\laravel\\framework\\src\\Illuminate\\Pipeline\\Pipeline.php(183): Illuminate\\Cookie\\Middleware\\EncryptCookies->handle(Object(Illuminate\\Http\\Request), Object(Closure))
#30 C:\\Users\\Administrator\\final-project\\vendor\\laravel\\framework\\src\\Illuminate\\Pipeline\\Pipeline.php(119): Illuminate\\Pipeline\\Pipeline->Illuminate\\Pipeline\\{closure}(Object(Illuminate\\Http\\Request))
#31 C:\\Users\\Administrator\\final-project\\vendor\\laravel\\framework\\src\\Illuminate\\Routing\\Router.php(805): Illuminate\\Pipeline\\Pipeline->then(Object(Closure))
#32 C:\\Users\\Administrator\\final-project\\vendor\\laravel\\framework\\src\\Illuminate\\Routing\\Router.php(784): Illuminate\\Routing\\Router->runRouteWithinStack(Object(Illuminate\\Routing\\Route), Object(Illuminate\\Http\\Request))
#33 C:\\Users\\Administrator\\final-project\\vendor\\laravel\\framework\\src\\Illuminate\\Routing\\Router.php(748): Illuminate\\Routing\\Router->runRoute(Object(Illuminate\\Http\\Request), Object(Illuminate\\Routing\\Route))
#34 C:\\Users\\Administrator\\final-project\\vendor\\laravel\\framework\\src\\Illuminate\\Routing\\Router.php(737): Illuminate\\Routing\\Router->dispatchToRoute(Object(Illuminate\\Http\\Request))
#35 C:\\Users\\Administrator\\final-project\\vendor\\laravel\\framework\\src\\Illuminate\\Foundation\\Http\\Kernel.php(200): Illuminate\\Routing\\Router->dispatch(Object(Illuminate\\Http\\Request))
#36 C:\\Users\\Administrator\\final-project\\vendor\\laravel\\framework\\src\\Illuminate\\Pipeline\\Pipeline.php(144): Illuminate\\Foundation\\Http\\Kernel->Illuminate\\Foundation\\Http\\{closure}(Object(Illuminate\\Http\\Request))
#37 C:\\Users\\Administrator\\final-project\\vendor\\laravel\\framework\\src\\Illuminate\\Foundation\\Http\\Middleware\\TransformsRequest.php(21): Illuminate\\Pipeline\\Pipeline->Illuminate\\Pipeline\\{closure}(Object(Illuminate\\Http\\Request))
#38 C:\\Users\\Administrator\\final-project\\vendor\\laravel\\framework\\src\\Illuminate\\Foundation\\Http\\Middleware\\ConvertEmptyStringsToNull.php(31): Illuminate\\Foundation\\Http\\Middleware\\TransformsRequest->handle(Object(Illuminate\\Http\\Request), Object(Closure))
#39 C:\\Users\\Administrator\\final-project\\vendor\\laravel\\framework\\src\\Illuminate\\Pipeline\\Pipeline.php(183): Illuminate\\Foundation\\Http\\Middleware\\ConvertEmptyStringsToNull->handle(Object(Illuminate\\Http\\Request), Object(Closure))
#40 C:\\Users\\Administrator\\final-project\\vendor\\laravel\\framework\\src\\Illuminate\\Foundation\\Http\\Middleware\\TransformsRequest.php(21): Illuminate\\Pipeline\\Pipeline->Illuminate\\Pipeline\\{closure}(Object(Illuminate\\Http\\Request))
#41 C:\\Users\\Administrator\\final-project\\vendor\\laravel\\framework\\src\\Illuminate\\Foundation\\Http\\Middleware\\TrimStrings.php(40): Illuminate\\Foundation\\Http\\Middleware\\TransformsRequest->handle(Object(Illuminate\\Http\\Request), Object(Closure))
#42 C:\\Users\\Administrator\\final-project\\vendor\\laravel\\framework\\src\\Illuminate\\Pipeline\\Pipeline.php(183): Illuminate\\Foundation\\Http\\Middleware\\TrimStrings->handle(Object(Illuminate\\Http\\Request), Object(Closure))
#43 C:\\Users\\Administrator\\final-project\\vendor\\laravel\\framework\\src\\Illuminate\\Foundation\\Http\\Middleware\\ValidatePostSize.php(27): Illuminate\\Pipeline\\Pipeline->Illuminate\\Pipeline\\{closure}(Object(Illuminate\\Http\\Request))
#44 C:\\Users\\Administrator\\final-project\\vendor\\laravel\\framework\\src\\Illuminate\\Pipeline\\Pipeline.php(183): Illuminate\\Foundation\\Http\\Middleware\\ValidatePostSize->handle(Object(Illuminate\\Http\\Request), Object(Closure))
#45 C:\\Users\\Administrator\\final-project\\vendor\\laravel\\framework\\src\\Illuminate\\Foundation\\Http\\Middleware\\PreventRequestsDuringMaintenance.php(99): Illuminate\\Pipeline\\Pipeline->Illuminate\\Pipeline\\{closure}(Object(Illuminate\\Http\\Request))
#46 C:\\Users\\Administrator\\final-project\\vendor\\laravel\\framework\\src\\Illuminate\\Pipeline\\Pipeline.php(183): Illuminate\\Foundation\\Http\\Middleware\\PreventRequestsDuringMaintenance->handle(Object(Illuminate\\Http\\Request), Object(Closure))
#47 C:\\Users\\Administrator\\final-project\\vendor\\laravel\\framework\\src\\Illuminate\\Http\\Middleware\\HandleCors.php(49): Illuminate\\Pipeline\\Pipeline->Illuminate\\Pipeline\\{closure}(Object(Illuminate\\Http\\Request))
#48 C:\\Users\\Administrator\\final-project\\vendor\\laravel\\framework\\src\\Illuminate\\Pipeline\\Pipeline.php(183): Illuminate\\Http\\Middleware\\HandleCors->handle(Object(Illuminate\\Http\\Request), Object(Closure))
#49 C:\\Users\\Administrator\\final-project\\vendor\\laravel\\framework\\src\\Illuminate\\Http\\Middleware\\TrustProxies.php(39): Illuminate\\Pipeline\\Pipeline->Illuminate\\Pipeline\\{closure}(Object(Illuminate\\Http\\Request))
#50 C:\\Users\\Administrator\\final-project\\vendor\\laravel\\framework\\src\\Illuminate\\Pipeline\\Pipeline.php(183): Illuminate\\Http\\Middleware\\TrustProxies->handle(Object(Illuminate\\Http\\Request), Object(Closure))
#51 C:\\Users\\Administrator\\final-project\\vendor\\laravel\\framework\\src\\Illuminate\\Pipeline\\Pipeline.php(119): Illuminate\\Pipeline\\Pipeline->Illuminate\\Pipeline\\{closure}(Object(Illuminate\\Http\\Request))
#52 C:\\Users\\Administrator\\final-project\\vendor\\laravel\\framework\\src\\Illuminate\\Foundation\\Http\\Kernel.php(175): Illuminate\\Pipeline\\Pipeline->then(Object(Closure))
#53 C:\\Users\\Administrator\\final-project\\vendor\\laravel\\framework\\src\\Illuminate\\Foundation\\Http\\Kernel.php(144): Illuminate\\Foundation\\Http\\Kernel->sendRequestThroughRouter(Object(Illuminate\\Http\\Request))
#54 C:\\Users\\Administrator\\final-project\\public\\index.php(51): Illuminate\\Foundation\\Http\\Kernel->handle(Object(Illuminate\\Http\\Request))
#55 C:\\Users\\Administrator\\final-project\\vendor\\laravel\\framework\\src\\Illuminate\\Foundation\\resources\\server.php(16): require_once('C:\\\\Users\\\\Admini...')
#56 {main}
"} 
[2026-07-12 20:54:22] local.ERROR: Trying to access array offset on null {"view":{"view":"C:\\Users\\Administrator\\final-project\\Modules\\Adminstration\\resources\\views\\users\\edit_admin.blade.php","data":{"errors":"<pre class=sf-dump id=sf-dump-1609333450 data-indent-pad=\"  \"><span class=sf-dump-note>Illuminate\\Support\\ViewErrorBag</span> {<a class=sf-dump-ref>#608</a><samp data-depth=1 class=sf-dump-expanded>
  #<span class=sf-dump-protected title=\"Protected property\">bags</span>: []
</samp>}
</pre><script>Sfdump(\"sf-dump-1609333450\", {\"maxDepth\":3,\"maxStringLength\":160})</script>
","user":"<pre class=sf-dump id=sf-dump-1244655350 data-indent-pad=\"  \"><span class=sf-dump-const>null</span>
</pre><script>Sfdump(\"sf-dump-1244655350\", {\"maxDepth\":3,\"maxStringLength\":160})</script>
","roles":"<pre class=sf-dump id=sf-dump-1085634600 data-indent-pad=\"  \"><span class=sf-dump-note>Illuminate\\Database\\Eloquent\\Collection</span> {<a class=sf-dump-ref>#1627</a><samp data-depth=1 class=sf-dump-expanded>
  #<span class=sf-dump-protected title=\"Protected property\">items</span>: <span class=sf-dump-note>array:3</span> [<samp data-depth=2 class=sf-dump-compact>
    <span class=sf-dump-index>0</span> => <span class=\"sf-dump-note sf-dump-ellipsization\" title=\"App\\Models\\Role
\"><span class=\"sf-dump-ellipsis sf-dump-ellipsis-note\">App\\Models</span><span class=\"sf-dump-ellipsis sf-dump-ellipsis-note\">\\</span><span class=\"sf-dump-ellipsis-tail\">Role</span></span> {<a class=sf-dump-ref>#1628</a><samp data-depth=3 class=sf-dump-compact>
      #<span class=sf-dump-protected title=\"Protected property\">connection</span>: \"<span class=sf-dump-str title=\"5 characters\">mysql</span>\"
      #<span class=sf-dump-protected title=\"Protected property\">table</span>: \"<span class=sf-dump-str title=\"5 characters\">roles</span>\"
      #<span class=sf-dump-protected title=\"Protected property\">primaryKey</span>: \"<span class=sf-dump-str title=\"2 characters\">id</span>\"
      #<span class=sf-dump-protected title=\"Protected property\">keyType</span>: \"<span class=sf-dump-str title=\"3 characters\">int</span>\"
      +<span class=sf-dump-public title=\"Public property\">incrementing</span>: <span class=sf-dump-const>true</span>
      #<span class=sf-dump-protected title=\"Protected property\">with</span>: []
      #<span class=sf-dump-protected title=\"Protected property\">withCount</span>: []
      +<span class=sf-dump-public title=\"Public property\">preventsLazyLoading</span>: <span class=sf-dump-const>false</span>
      #<span class=sf-dump-protected title=\"Protected property\">perPage</span>: <span class=sf-dump-num>15</span>
      +<span class=sf-dump-public title=\"Public property\">exists</span>: <span class=sf-dump-const>true</span>
      +<span class=sf-dump-public title=\"Public property\">wasRecentlyCreated</span>: <span class=sf-dump-const>false</span>
      #<span class=sf-dump-protected title=\"Protected property\">escapeWhenCastingToString</span>: <span class=sf-dump-const>false</span>
      #<span class=sf-dump-protected title=\"Protected property\">attributes</span>: <span class=sf-dump-note>array:5</span> [ &#8230;5]
      #<span class=sf-dump-protected title=\"Protected property\">original</span>: <span class=sf-dump-note>array:5</span> [ &#8230;5]
      #<span class=sf-dump-protected title=\"Protected property\">changes</span>: []
      #<span class=sf-dump-protected title=\"Protected property\">casts</span>: <span class=sf-dump-note>array:1</span> [ &#8230;1]
      #<span class=sf-dump-protected title=\"Protected property\">classCastCache</span>: []
      #<span class=sf-dump-protected title=\"Protected property\">attributeCastCache</span>: []
      #<span class=sf-dump-protected title=\"Protected property\">dateFormat</span>: <span class=sf-dump-const>null</span>
      #<span class=sf-dump-protected title=\"Protected property\">appends</span>: []
      #<span class=sf-dump-protected title=\"Protected property\">dispatchesEvents</span>: []
      #<span class=sf-dump-protected title=\"Protected property\">observables</span>: []
      #<span class=sf-dump-protected title=\"Protected property\">relations</span>: []
      #<span class=sf-dump-protected title=\"Protected property\">touches</span>: []
      +<span class=sf-dump-public title=\"Public property\">timestamps</span>: <span class=sf-dump-const>true</span>
      +<span class=sf-dump-public title=\"Public property\">usesUniqueIds</span>: <span class=sf-dump-const>false</span>
      #<span class=sf-dump-protected title=\"Protected property\">hidden</span>: []
      #<span class=sf-dump-protected title=\"Protected property\">visible</span>: []
      #<span class=sf-dump-protected title=\"Protected property\">fillable</span>: <span class=sf-dump-note>array:1</span> [ &#8230;1]
      #<span class=sf-dump-protected title=\"Protected property\">guarded</span>: <span class=sf-dump-note>array:1</span> [ &#8230;1]
      #<span class=sf-dump-protected title=\"Protected property\">dates</span>: <span class=sf-dump-note>array:1</span> [ &#8230;1]
      #<span class=sf-dump-protected title=\"Protected property\">forceDeleting</span>: <span class=sf-dump-const>false</span>
    </samp>}
    <span class=sf-dump-index>1</span> => <span class=\"sf-dump-note sf-dump-ellipsization\" title=\"App\\Models\\Role
\"><span class=\"sf-dump-ellipsis sf-dump-ellipsis-note\">App\\Models</span><span class=\"sf-dump-ellipsis sf-dump-ellipsis-note\">\\</span><span class=\"sf-dump-ellipsis-tail\">Role</span></span> {<a class=sf-dump-ref>#1629</a><samp data-depth=3 class=sf-dump-compact>
      #<span class=sf-dump-protected title=\"Protected property\">connection</span>: \"<span class=sf-dump-str title=\"5 characters\">mysql</span>\"
      #<span class=sf-dump-protected title=\"Protected property\">table</span>: \"<span class=sf-dump-str title=\"5 characters\">roles</span>\"
      #<span class=sf-dump-protected title=\"Protected property\">primaryKey</span>: \"<span class=sf-dump-str title=\"2 characters\">id</span>\"
      #<span class=sf-dump-protected title=\"Protected property\">keyType</span>: \"<span class=sf-dump-str title=\"3 characters\">int</span>\"
      +<span class=sf-dump-public title=\"Public property\">incrementing</span>: <span class=sf-dump-const>true</span>
      #<span class=sf-dump-protected title=\"Protected property\">with</span>: []
      #<span class=sf-dump-protected title=\"Protected property\">withCount</span>: []
      +<span class=sf-dump-public title=\"Public property\">preventsLazyLoading</span>: <span class=sf-dump-const>false</span>
      #<span class=sf-dump-protected title=\"Protected property\">perPage</span>: <span class=sf-dump-num>15</span>
      +<span class=sf-dump-public title=\"Public property\">exists</span>: <span class=sf-dump-const>true</span>
      +<span class=sf-dump-public title=\"Public property\">wasRecentlyCreated</span>: <span class=sf-dump-const>false</span>
      #<span class=sf-dump-protected title=\"Protected property\">escapeWhenCastingToString</span>: <span class=sf-dump-const>false</span>
      #<span class=sf-dump-protected title=\"Protected property\">attributes</span>: <span class=sf-dump-note>array:5</span> [ &#8230;5]
      #<span class=sf-dump-protected title=\"Protected property\">original</span>: <span class=sf-dump-note>array:5</span> [ &#8230;5]
      #<span class=sf-dump-protected title=\"Protected property\">changes</span>: []
      #<span class=sf-dump-protected title=\"Protected property\">casts</span>: <span class=sf-dump-note>array:1</span> [ &#8230;1]
      #<span class=sf-dump-protected title=\"Protected property\">classCastCache</span>: []
      #<span class=sf-dump-protected title=\"Protected property\">attributeCastCache</span>: []
      #<span class=sf-dump-protected title=\"Protected property\">dateFormat</span>: <span class=sf-dump-const>null</span>
      #<span class=sf-dump-protected title=\"Protected property\">appends</span>: []
      #<span class=sf-dump-protected title=\"Protected property\">dispatchesEvents</span>: []
      #<span class=sf-dump-protected title=\"Protected property\">observables</span>: []
      #<span class=sf-dump-protected title=\"Protected property\">relations</span>: []
      #<span class=sf-dump-protected title=\"Protected property\">touches</span>: []
      +<span class=sf-dump-public title=\"Public property\">timestamps</span>: <span class=sf-dump-const>true</span>
      +<span class=sf-dump-public title=\"Public property\">usesUniqueIds</span>: <span class=sf-dump-const>false</span>
      #<span class=sf-dump-protected title=\"Protected property\">hidden</span>: []
      #<span class=sf-dump-protected title=\"Protected property\">visible</span>: []
      #<span class=sf-dump-protected title=\"Protected property\">fillable</span>: <span class=sf-dump-note>array:1</span> [ &#8230;1]
      #<span class=sf-dump-protected title=\"Protected property\">guarded</span>: <span class=sf-dump-note>array:1</span> [ &#8230;1]
      #<span class=sf-dump-protected title=\"Protected property\">dates</span>: <span class=sf-dump-note>array:1</span> [ &#8230;1]
      #<span class=sf-dump-protected title=\"Protected property\">forceDeleting</span>: <span class=sf-dump-const>false</span>
    </samp>}
    <span class=sf-dump-index>2</span> => <span class=\"sf-dump-note sf-dump-ellipsization\" title=\"App\\Models\\Role
\"><span class=\"sf-dump-ellipsis sf-dump-ellipsis-note\">App\\Models</span><span class=\"sf-dump-ellipsis sf-dump-ellipsis-note\">\\</span><span class=\"sf-dump-ellipsis-tail\">Role</span></span> {<a class=sf-dump-ref>#1630</a><samp data-depth=3 class=sf-dump-compact>
      #<span class=sf-dump-protected title=\"Protected property\">connection</span>: \"<span class=sf-dump-str title=\"5 characters\">mysql</span>\"
      #<span class=sf-dump-protected title=\"Protected property\">table</span>: \"<span class=sf-dump-str title=\"5 characters\">roles</span>\"
      #<span class=sf-dump-protected title=\"Protected property\">primaryKey</span>: \"<span class=sf-dump-str title=\"2 characters\">id</span>\"
      #<span class=sf-dump-protected title=\"Protected property\">keyType</span>: \"<span class=sf-dump-str title=\"3 characters\">int</span>\"
      +<span class=sf-dump-public title=\"Public property\">incrementing</span>: <span class=sf-dump-const>true</span>
      #<span class=sf-dump-protected title=\"Protected property\">with</span>: []
      #<span class=sf-dump-protected title=\"Protected property\">withCount</span>: []
      +<span class=sf-dump-public title=\"Public property\">preventsLazyLoading</span>: <span class=sf-dump-const>false</span>
      #<span class=sf-dump-protected title=\"Protected property\">perPage</span>: <span class=sf-dump-num>15</span>
      +<span class=sf-dump-public title=\"Public property\">exists</span>: <span class=sf-dump-const>true</span>
      +<span class=sf-dump-public title=\"Public property\">wasRecentlyCreated</span>: <span class=sf-dump-const>false</span>
      #<span class=sf-dump-protected title=\"Protected property\">escapeWhenCastingToString</span>: <span class=sf-dump-const>false</span>
      #<span class=sf-dump-protected title=\"Protected property\">attributes</span>: <span class=sf-dump-note>array:5</span> [ &#8230;5]
      #<span class=sf-dump-protected title=\"Protected property\">original</span>: <span class=sf-dump-note>array:5</span> [ &#8230;5]
      #<span class=sf-dump-protected title=\"Protected property\">changes</span>: []
      #<span class=sf-dump-protected title=\"Protected property\">casts</span>: <span class=sf-dump-note>array:1</span> [ &#8230;1]
      #<span class=sf-dump-protected title=\"Protected property\">classCastCache</span>: []
      #<span class=sf-dump-protected title=\"Protected property\">attributeCastCache</span>: []
      #<span class=sf-dump-protected title=\"Protected property\">dateFormat</span>: <span class=sf-dump-const>null</span>
      #<span class=sf-dump-protected title=\"Protected property\">appends</span>: []
      #<span class=sf-dump-protected title=\"Protected property\">dispatchesEvents</span>: []
      #<span class=sf-dump-protected title=\"Protected property\">observables</span>: []
      #<span class=sf-dump-protected title=\"Protected property\">relations</span>: []
      #<span class=sf-dump-protected title=\"Protected property\">touches</span>: []
      +<span class=sf-dump-public title=\"Public property\">timestamps</span>: <span class=sf-dump-const>true</span>
      +<span class=sf-dump-public title=\"Public property\">usesUniqueIds</span>: <span class=sf-dump-const>false</span>
      #<span class=sf-dump-protected title=\"Protected property\">hidden</span>: []
      #<span class=sf-dump-protected title=\"Protected property\">visible</span>: []
      #<span class=sf-dump-protected title=\"Protected property\">fillable</span>: <span class=sf-dump-note>array:1</span> [ &#8230;1]
      #<span class=sf-dump-protected title=\"Protected property\">guarded</span>: <span class=sf-dump-note>array:1</span> [ &#8230;1]
      #<span class=sf-dump-protected title=\"Protected property\">dates</span>: <span class=sf-dump-note>array:1</span> [ &#8230;1]
      #<span class=sf-dump-protected title=\"Protected property\">forceDeleting</span>: <span class=sf-dump-const>false</span>
    </samp>}
  </samp>]
  #<span class=sf-dump-protected title=\"Protected property\">escapeWhenCastingToString</span>: <span class=sf-dump-const>false</span>
</samp>}
</pre><script>Sfdump(\"sf-dump-1085634600\", {\"maxDepth\":3,\"maxStringLength\":160})</script>
"}},"userId":2,"exception":"[object] (Spatie\\LaravelIgnition\\Exceptions\\ViewException(code: 0): Trying to access array offset on null at C:\\Users\\Administrator\\final-project\\Modules\\Adminstration\\resources\\views\\users\\edit_admin.blade.php:52)
[stacktrace]
#0 C:\\Users\\Administrator\\final-project\\vendor\\laravel\\framework\\src\\Illuminate\\Filesystem\\Filesystem.php(123): require('C:\\\\Users\\\\Admini...')
#1 C:\\Users\\Administrator\\final-project\\vendor\\laravel\\framework\\src\\Illuminate\\Filesystem\\Filesystem.php(124): Illuminate\\Filesystem\\Filesystem::Illuminate\\Filesystem\\{closure}()
#2 C:\\Users\\Administrator\\final-project\\vendor\\laravel\\framework\\src\\Illuminate\\View\\Engines\\PhpEngine.php(58): Illuminate\\Filesystem\\Filesystem->getRequire('C:\\\\Users\\\\Admini...', Array)
#3 C:\\Users\\Administrator\\final-project\\vendor\\laravel\\framework\\src\\Illuminate\\View\\Engines\\CompilerEngine.php(72): Illuminate\\View\\Engines\\PhpEngine->evaluatePath('C:\\\\Users\\\\Admini...', Array)
#4 C:\\Users\\Administrator\\final-project\\vendor\\laravel\\framework\\src\\Illuminate\\View\\View.php(207): Illuminate\\View\\Engines\\CompilerEngine->get('C:\\\\Users\\\\Admini...', Array)
#5 C:\\Users\\Administrator\\final-project\\vendor\\laravel\\framework\\src\\Illuminate\\View\\View.php(190): Illuminate\\View\\View->getContents()
#6 C:\\Users\\Administrator\\final-project\\vendor\\laravel\\framework\\src\\Illuminate\\View\\View.php(159): Illuminate\\View\\View->renderContents()
#7 C:\\Users\\Administrator\\final-project\\vendor\\laravel\\framework\\src\\Illuminate\\Http\\Response.php(69): Illuminate\\View\\View->render()
#8 C:\\Users\\Administrator\\final-project\\vendor\\laravel\\framework\\src\\Illuminate\\Http\\Response.php(35): Illuminate\\Http\\Response->setContent(Object(Illuminate\\View\\View))
#9 C:\\Users\\Administrator\\final-project\\vendor\\laravel\\framework\\src\\Illuminate\\Routing\\Router.php(918): Illuminate\\Http\\Response->__construct(Object(Illuminate\\View\\View), 200, Array)
#10 C:\\Users\\Administrator\\final-project\\vendor\\laravel\\framework\\src\\Illuminate\\Routing\\Router.php(885): Illuminate\\Routing\\Router::toResponse(Object(Illuminate\\Http\\Request), Object(Illuminate\\View\\View))
#11 C:\\Users\\Administrator\\final-project\\vendor\\laravel\\framework\\src\\Illuminate\\Routing\\Router.php(805): Illuminate\\Routing\\Router->prepareResponse(Object(Illuminate\\Http\\Request), Object(Illuminate\\View\\View))
#12 C:\\Users\\Administrator\\final-project\\vendor\\laravel\\framework\\src\\Illuminate\\Pipeline\\Pipeline.php(144): Illuminate\\Routing\\Router->Illuminate\\Routing\\{closure}(Object(Illuminate\\Http\\Request))
#13 C:\\Users\\Administrator\\final-project\\vendor\\laravel\\framework\\src\\Illuminate\\Routing\\Middleware\\SubstituteBindings.php(50): Illuminate\\Pipeline\\Pipeline->Illuminate\\Pipeline\\{closure}(Object(Illuminate\\Http\\Request))
#14 C:\\Users\\Administrator\\final-project\\vendor\\laravel\\framework\\src\\Illuminate\\Pipeline\\Pipeline.php(183): Illuminate\\Routing\\Middleware\\SubstituteBindings->handle(Object(Illuminate\\Http\\Request), Object(Closure))
#15 C:\\Users\\Administrator\\final-project\\vendor\\laravel\\framework\\src\\Illuminate\\Auth\\Middleware\\Authenticate.php(57): Illuminate\\Pipeline\\Pipeline->Illuminate\\Pipeline\\{closure}(Object(Illuminate\\Http\\Request))
#16 C:\\Users\\Administrator\\final-project\\vendor\\laravel\\framework\\src\\Illuminate\\Pipeline\\Pipeline.php(183): Illuminate\\Auth\\Middleware\\Authenticate->handle(Object(Illuminate\\Http\\Request), Object(Closure))
#17 C:\\Users\\Administrator\\final-project\\vendor\\laravel\\framework\\src\\Illuminate\\Foundation\\Http\\Middleware\\VerifyCsrfToken.php(78): Illuminate\\Pipeline\\Pipeline->Illuminate\\Pipeline\\{closure}(Object(Illuminate\\Http\\Request))
#18 C:\\Users\\Administrator\\final-project\\vendor\\laravel\\framework\\src\\Illuminate\\Pipeline\\Pipeline.php(183): Illuminate\\Foundation\\Http\\Middleware\\VerifyCsrfToken->handle(Object(Illuminate\\Http\\Request), Object(Closure))
#19 C:\\Users\\Administrator\\final-project\\vendor\\laravel\\framework\\src\\Illuminate\\View\\Middleware\\ShareErrorsFromSession.php(49): Illuminate\\Pipeline\\Pipeline->Illuminate\\Pipeline\\{closure}(Object(Illuminate\\Http\\Request))
#20 C:\\Users\\Administrator\\final-project\\vendor\\laravel\\framework\\src\\Illuminate\\Pipeline\\Pipeline.php(183): Illuminate\\View\\Middleware\\ShareErrorsFromSession->handle(Object(Illuminate\\Http\\Request), Object(Closure))
#21 C:\\Users\\Administrator\\final-project\\vendor\\laravel\\framework\\src\\Illuminate\\Session\\Middleware\\StartSession.php(121): Illuminate\\Pipeline\\Pipeline->Illuminate\\Pipeline\\{closure}(Object(Illuminate\\Http\\Request))
#22 C:\\Users\\Administrator\\final-project\\vendor\\laravel\\framework\\src\\Illuminate\\Session\\Middleware\\StartSession.php(64): Illuminate\\Session\\Middleware\\StartSession->handleStatefulRequest(Object(Illuminate\\Http\\Request), Object(Illuminate\\Session\\Store), Object(Closure))
#23 C:\\Users\\Administrator\\final-project\\vendor\\laravel\\framework\\src\\Illuminate\\Pipeline\\Pipeline.php(183): Illuminate\\Session\\Middleware\\StartSession->handle(Object(Illuminate\\Http\\Request), Object(Closure))
#24 C:\\Users\\Administrator\\final-project\\vendor\\laravel\\framework\\src\\Illuminate\\Cookie\\Middleware\\AddQueuedCookiesToResponse.php(37): Illuminate\\Pipeline\\Pipeline->Illuminate\\Pipeline\\{closure}(Object(Illuminate\\Http\\Request))
#25 C:\\Users\\Administrator\\final-project\\vendor\\laravel\\framework\\src\\Illuminate\\Pipeline\\Pipeline.php(183): Illuminate\\Cookie\\Middleware\\AddQueuedCookiesToResponse->handle(Object(Illuminate\\Http\\Request), Object(Closure))
#26 C:\\Users\\Administrator\\final-project\\vendor\\laravel\\framework\\src\\Illuminate\\Cookie\\Middleware\\EncryptCookies.php(67): Illuminate\\Pipeline\\Pipeline->Illuminate\\Pipeline\\{closure}(Object(Illuminate\\Http\\Request))
#27 C:\\Users\\Administrator\\final-project\\vendor\\laravel\\framework\\src\\Illuminate\\Pipeline\\Pipeline.php(183): Illuminate\\Cookie\\Middleware\\EncryptCookies->handle(Object(Illuminate\\Http\\Request), Object(Closure))
#28 C:\\Users\\Administrator\\final-project\\vendor\\laravel\\framework\\src\\Illuminate\\Pipeline\\Pipeline.php(119): Illuminate\\Pipeline\\Pipeline->Illuminate\\Pipeline\\{closure}(Object(Illuminate\\Http\\Request))
#29 C:\\Users\\Administrator\\final-project\\vendor\\laravel\\framework\\src\\Illuminate\\Routing\\Router.php(805): Illuminate\\Pipeline\\Pipeline->then(Object(Closure))
#30 C:\\Users\\Administrator\\final-project\\vendor\\laravel\\framework\\src\\Illuminate\\Routing\\Router.php(784): Illuminate\\Routing\\Router->runRouteWithinStack(Object(Illuminate\\Routing\\Route), Object(Illuminate\\Http\\Request))
#31 C:\\Users\\Administrator\\final-project\\vendor\\laravel\\framework\\src\\Illuminate\\Routing\\Router.php(748): Illuminate\\Routing\\Router->runRoute(Object(Illuminate\\Http\\Request), Object(Illuminate\\Routing\\Route))
#32 C:\\Users\\Administrator\\final-project\\vendor\\laravel\\framework\\src\\Illuminate\\Routing\\Router.php(737): Illuminate\\Routing\\Router->dispatchToRoute(Object(Illuminate\\Http\\Request))
#33 C:\\Users\\Administrator\\final-project\\vendor\\laravel\\framework\\src\\Illuminate\\Foundation\\Http\\Kernel.php(200): Illuminate\\Routing\\Router->dispatch(Object(Illuminate\\Http\\Request))
#34 C:\\Users\\Administrator\\final-project\\vendor\\laravel\\framework\\src\\Illuminate\\Pipeline\\Pipeline.php(144): Illuminate\\Foundation\\Http\\Kernel->Illuminate\\Foundation\\Http\\{closure}(Object(Illuminate\\Http\\Request))
#35 C:\\Users\\Administrator\\final-project\\vendor\\laravel\\framework\\src\\Illuminate\\Foundation\\Http\\Middleware\\TransformsRequest.php(21): Illuminate\\Pipeline\\Pipeline->Illuminate\\Pipeline\\{closure}(Object(Illuminate\\Http\\Request))
#36 C:\\Users\\Administrator\\final-project\\vendor\\laravel\\framework\\src\\Illuminate\\Foundation\\Http\\Middleware\\ConvertEmptyStringsToNull.php(31): Illuminate\\Foundation\\Http\\Middleware\\TransformsRequest->handle(Object(Illuminate\\Http\\Request), Object(Closure))
#37 C:\\Users\\Administrator\\final-project\\vendor\\laravel\\framework\\src\\Illuminate\\Pipeline\\Pipeline.php(183): Illuminate\\Foundation\\Http\\Middleware\\ConvertEmptyStringsToNull->handle(Object(Illuminate\\Http\\Request), Object(Closure))
#38 C:\\Users\\Administrator\\final-project\\vendor\\laravel\\framework\\src\\Illuminate\\Foundation\\Http\\Middleware\\TransformsRequest.php(21): Illuminate\\Pipeline\\Pipeline->Illuminate\\Pipeline\\{closure}(Object(Illuminate\\Http\\Request))
#39 C:\\Users\\Administrator\\final-project\\vendor\\laravel\\framework\\src\\Illuminate\\Foundation\\Http\\Middleware\\TrimStrings.php(40): Illuminate\\Foundation\\Http\\Middleware\\TransformsRequest->handle(Object(Illuminate\\Http\\Request), Object(Closure))
#40 C:\\Users\\Administrator\\final-project\\vendor\\laravel\\framework\\src\\Illuminate\\Pipeline\\Pipeline.php(183): Illuminate\\Foundation\\Http\\Middleware\\TrimStrings->handle(Object(Illuminate\\Http\\Request), Object(Closure))
#41 C:\\Users\\Administrator\\final-project\\vendor\\laravel\\framework\\src\\Illuminate\\Foundation\\Http\\Middleware\\ValidatePostSize.php(27): Illuminate\\Pipeline\\Pipeline->Illuminate\\Pipeline\\{closure}(Object(Illuminate\\Http\\Request))
#42 C:\\Users\\Administrator\\final-project\\vendor\\laravel\\framework\\src\\Illuminate\\Pipeline\\Pipeline.php(183): Illuminate\\Foundation\\Http\\Middleware\\ValidatePostSize->handle(Object(Illuminate\\Http\\Request), Object(Closure))
#43 C:\\Users\\Administrator\\final-project\\vendor\\laravel\\framework\\src\\Illuminate\\Foundation\\Http\\Middleware\\PreventRequestsDuringMaintenance.php(99): Illuminate\\Pipeline\\Pipeline->Illuminate\\Pipeline\\{closure}(Object(Illuminate\\Http\\Request))
#44 C:\\Users\\Administrator\\final-project\\vendor\\laravel\\framework\\src\\Illuminate\\Pipeline\\Pipeline.php(183): Illuminate\\Foundation\\Http\\Middleware\\PreventRequestsDuringMaintenance->handle(Object(Illuminate\\Http\\Request), Object(Closure))
#45 C:\\Users\\Administrator\\final-project\\vendor\\laravel\\framework\\src\\Illuminate\\Http\\Middleware\\HandleCors.php(49): Illuminate\\Pipeline\\Pipeline->Illuminate\\Pipeline\\{closure}(Object(Illuminate\\Http\\Request))
#46 C:\\Users\\Administrator\\final-project\\vendor\\laravel\\framework\\src\\Illuminate\\Pipeline\\Pipeline.php(183): Illuminate\\Http\\Middleware\\HandleCors->handle(Object(Illuminate\\Http\\Request), Object(Closure))
#47 C:\\Users\\Administrator\\final-project\\vendor\\laravel\\framework\\src\\Illuminate\\Http\\Middleware\\TrustProxies.php(39): Illuminate\\Pipeline\\Pipeline->Illuminate\\Pipeline\\{closure}(Object(Illuminate\\Http\\Request))
#48 C:\\Users\\Administrator\\final-project\\vendor\\laravel\\framework\\src\\Illuminate\\Pipeline\\Pipeline.php(183): Illuminate\\Http\\Middleware\\TrustProxies->handle(Object(Illuminate\\Http\\Request), Object(Closure))
#49 C:\\Users\\Administrator\\final-project\\vendor\\laravel\\framework\\src\\Illuminate\\Pipeline\\Pipeline.php(119): Illuminate\\Pipeline\\Pipeline->Illuminate\\Pipeline\\{closure}(Object(Illuminate\\Http\\Request))
#50 C:\\Users\\Administrator\\final-project\\vendor\\laravel\\framework\\src\\Illuminate\\Foundation\\Http\\Kernel.php(175): Illuminate\\Pipeline\\Pipeline->then(Object(Closure))
#51 C:\\Users\\Administrator\\final-project\\vendor\\laravel\\framework\\src\\Illuminate\\Foundation\\Http\\Kernel.php(144): Illuminate\\Foundation\\Http\\Kernel->sendRequestThroughRouter(Object(Illuminate\\Http\\Request))
#52 C:\\Users\\Administrator\\final-project\\public\\index.php(51): Illuminate\\Foundation\\Http\\Kernel->handle(Object(Illuminate\\Http\\Request))
#53 C:\\Users\\Administrator\\final-project\\vendor\\laravel\\framework\\src\\Illuminate\\Foundation\\resources\\server.php(16): require_once('C:\\\\Users\\\\Admini...')
#54 {main}

[previous exception] [object] (ErrorException(code: 0): Trying to access array offset on null at C:\\Users\\Administrator\\final-project\\storage\\framework\\views\\fab0d0423cea266dee5444c1ae2cfb43.php:51)
[stacktrace]
#0 C:\\Users\\Administrator\\final-project\\vendor\\laravel\\framework\\src\\Illuminate\\Foundation\\Bootstrap\\HandleExceptions.php(255): Illuminate\\Foundation\\Bootstrap\\HandleExceptions->handleError(2, 'Trying to acces...', 'C:\\\\Users\\\\Admini...', 51)
#1 C:\\Users\\Administrator\\final-project\\storage\\framework\\views\\fab0d0423cea266dee5444c1ae2cfb43.php(51): Illuminate\\Foundation\\Bootstrap\\HandleExceptions->Illuminate\\Foundation\\Bootstrap\\{closure}(2, 'Trying to acces...', 'C:\\\\Users\\\\Admini...', 51)
#2 C:\\Users\\Administrator\\final-project\\vendor\\laravel\\framework\\src\\Illuminate\\Filesystem\\Filesystem.php(123): require('C:\\\\Users\\\\Admini...')
#3 C:\\Users\\Administrator\\final-project\\vendor\\laravel\\framework\\src\\Illuminate\\Filesystem\\Filesystem.php(124): Illuminate\\Filesystem\\Filesystem::Illuminate\\Filesystem\\{closure}()
#4 C:\\Users\\Administrator\\final-project\\vendor\\laravel\\framework\\src\\Illuminate\\View\\Engines\\PhpEngine.php(58): Illuminate\\Filesystem\\Filesystem->getRequire('C:\\\\Users\\\\Admini...', Array)
#5 C:\\Users\\Administrator\\final-project\\vendor\\laravel\\framework\\src\\Illuminate\\View\\Engines\\CompilerEngine.php(72): Illuminate\\View\\Engines\\PhpEngine->evaluatePath('C:\\\\Users\\\\Admini...', Array)
#6 C:\\Users\\Administrator\\final-project\\vendor\\laravel\\framework\\src\\Illuminate\\View\\View.php(207): Illuminate\\View\\Engines\\CompilerEngine->get('C:\\\\Users\\\\Admini...', Array)
#7 C:\\Users\\Administrator\\final-project\\vendor\\laravel\\framework\\src\\Illuminate\\View\\View.php(190): Illuminate\\View\\View->getContents()
#8 C:\\Users\\Administrator\\final-project\\vendor\\laravel\\framework\\src\\Illuminate\\View\\View.php(159): Illuminate\\View\\View->renderContents()
#9 C:\\Users\\Administrator\\final-project\\vendor\\laravel\\framework\\src\\Illuminate\\Http\\Response.php(69): Illuminate\\View\\View->render()
#10 C:\\Users\\Administrator\\final-project\\vendor\\laravel\\framework\\src\\Illuminate\\Http\\Response.php(35): Illuminate\\Http\\Response->setContent(Object(Illuminate\\View\\View))
#11 C:\\Users\\Administrator\\final-project\\vendor\\laravel\\framework\\src\\Illuminate\\Routing\\Router.php(918): Illuminate\\Http\\Response->__construct(Object(Illuminate\\View\\View), 200, Array)
#12 C:\\Users\\Administrator\\final-project\\vendor\\laravel\\framework\\src\\Illuminate\\Routing\\Router.php(885): Illuminate\\Routing\\Router::toResponse(Object(Illuminate\\Http\\Request), Object(Illuminate\\View\\View))
#13 C:\\Users\\Administrator\\final-project\\vendor\\laravel\\framework\\src\\Illuminate\\Routing\\Router.php(805): Illuminate\\Routing\\Router->prepareResponse(Object(Illuminate\\Http\\Request), Object(Illuminate\\View\\View))
#14 C:\\Users\\Administrator\\final-project\\vendor\\laravel\\framework\\src\\Illuminate\\Pipeline\\Pipeline.php(144): Illuminate\\Routing\\Router->Illuminate\\Routing\\{closure}(Object(Illuminate\\Http\\Request))
#15 C:\\Users\\Administrator\\final-project\\vendor\\laravel\\framework\\src\\Illuminate\\Routing\\Middleware\\SubstituteBindings.php(50): Illuminate\\Pipeline\\Pipeline->Illuminate\\Pipeline\\{closure}(Object(Illuminate\\Http\\Request))
#16 C:\\Users\\Administrator\\final-project\\vendor\\laravel\\framework\\src\\Illuminate\\Pipeline\\Pipeline.php(183): Illuminate\\Routing\\Middleware\\SubstituteBindings->handle(Object(Illuminate\\Http\\Request), Object(Closure))
#17 C:\\Users\\Administrator\\final-project\\vendor\\laravel\\framework\\src\\Illuminate\\Auth\\Middleware\\Authenticate.php(57): Illuminate\\Pipeline\\Pipeline->Illuminate\\Pipeline\\{closure}(Object(Illuminate\\Http\\Request))
#18 C:\\Users\\Administrator\\final-project\\vendor\\laravel\\framework\\src\\Illuminate\\Pipeline\\Pipeline.php(183): Illuminate\\Auth\\Middleware\\Authenticate->handle(Object(Illuminate\\Http\\Request), Object(Closure))
#19 C:\\Users\\Administrator\\final-project\\vendor\\laravel\\framework\\src\\Illuminate\\Foundation\\Http\\Middleware\\VerifyCsrfToken.php(78): Illuminate\\Pipeline\\Pipeline->Illuminate\\Pipeline\\{closure}(Object(Illuminate\\Http\\Request))
#20 C:\\Users\\Administrator\\final-project\\vendor\\laravel\\framework\\src\\Illuminate\\Pipeline\\Pipeline.php(183): Illuminate\\Foundation\\Http\\Middleware\\VerifyCsrfToken->handle(Object(Illuminate\\Http\\Request), Object(Closure))
#21 C:\\Users\\Administrator\\final-project\\vendor\\laravel\\framework\\src\\Illuminate\\View\\Middleware\\ShareErrorsFromSession.php(49): Illuminate\\Pipeline\\Pipeline->Illuminate\\Pipeline\\{closure}(Object(Illuminate\\Http\\Request))
#22 C:\\Users\\Administrator\\final-project\\vendor\\laravel\\framework\\src\\Illuminate\\Pipeline\\Pipeline.php(183): Illuminate\\View\\Middleware\\ShareErrorsFromSession->handle(Object(Illuminate\\Http\\Request), Object(Closure))
#23 C:\\Users\\Administrator\\final-project\\vendor\\laravel\\framework\\src\\Illuminate\\Session\\Middleware\\StartSession.php(121): Illuminate\\Pipeline\\Pipeline->Illuminate\\Pipeline\\{closure}(Object(Illuminate\\Http\\Request))
#24 C:\\Users\\Administrator\\final-project\\vendor\\laravel\\framework\\src\\Illuminate\\Session\\Middleware\\StartSession.php(64): Illuminate\\Session\\Middleware\\StartSession->handleStatefulRequest(Object(Illuminate\\Http\\Request), Object(Illuminate\\Session\\Store), Object(Closure))
#25 C:\\Users\\Administrator\\final-project\\vendor\\laravel\\framework\\src\\Illuminate\\Pipeline\\Pipeline.php(183): Illuminate\\Session\\Middleware\\StartSession->handle(Object(Illuminate\\Http\\Request), Object(Closure))
#26 C:\\Users\\Administrator\\final-project\\vendor\\laravel\\framework\\src\\Illuminate\\Cookie\\Middleware\\AddQueuedCookiesToResponse.php(37): Illuminate\\Pipeline\\Pipeline->Illuminate\\Pipeline\\{closure}(Object(Illuminate\\Http\\Request))
#27 C:\\Users\\Administrator\\final-project\\vendor\\laravel\\framework\\src\\Illuminate\\Pipeline\\Pipeline.php(183): Illuminate\\Cookie\\Middleware\\AddQueuedCookiesToResponse->handle(Object(Illuminate\\Http\\Request), Object(Closure))
#28 C:\\Users\\Administrator\\final-project\\vendor\\laravel\\framework\\src\\Illuminate\\Cookie\\Middleware\\EncryptCookies.php(67): Illuminate\\Pipeline\\Pipeline->Illuminate\\Pipeline\\{closure}(Object(Illuminate\\Http\\Request))
#29 C:\\Users\\Administrator\\final-project\\vendor\\laravel\\framework\\src\\Illuminate\\Pipeline\\Pipeline.php(183): Illuminate\\Cookie\\Middleware\\EncryptCookies->handle(Object(Illuminate\\Http\\Request), Object(Closure))
#30 C:\\Users\\Administrator\\final-project\\vendor\\laravel\\framework\\src\\Illuminate\\Pipeline\\Pipeline.php(119): Illuminate\\Pipeline\\Pipeline->Illuminate\\Pipeline\\{closure}(Object(Illuminate\\Http\\Request))
#31 C:\\Users\\Administrator\\final-project\\vendor\\laravel\\framework\\src\\Illuminate\\Routing\\Router.php(805): Illuminate\\Pipeline\\Pipeline->then(Object(Closure))
#32 C:\\Users\\Administrator\\final-project\\vendor\\laravel\\framework\\src\\Illuminate\\Routing\\Router.php(784): Illuminate\\Routing\\Router->runRouteWithinStack(Object(Illuminate\\Routing\\Route), Object(Illuminate\\Http\\Request))
#33 C:\\Users\\Administrator\\final-project\\vendor\\laravel\\framework\\src\\Illuminate\\Routing\\Router.php(748): Illuminate\\Routing\\Router->runRoute(Object(Illuminate\\Http\\Request), Object(Illuminate\\Routing\\Route))
#34 C:\\Users\\Administrator\\final-project\\vendor\\laravel\\framework\\src\\Illuminate\\Routing\\Router.php(737): Illuminate\\Routing\\Router->dispatchToRoute(Object(Illuminate\\Http\\Request))
#35 C:\\Users\\Administrator\\final-project\\vendor\\laravel\\framework\\src\\Illuminate\\Foundation\\Http\\Kernel.php(200): Illuminate\\Routing\\Router->dispatch(Object(Illuminate\\Http\\Request))
#36 C:\\Users\\Administrator\\final-project\\vendor\\laravel\\framework\\src\\Illuminate\\Pipeline\\Pipeline.php(144): Illuminate\\Foundation\\Http\\Kernel->Illuminate\\Foundation\\Http\\{closure}(Object(Illuminate\\Http\\Request))
#37 C:\\Users\\Administrator\\final-project\\vendor\\laravel\\framework\\src\\Illuminate\\Foundation\\Http\\Middleware\\TransformsRequest.php(21): Illuminate\\Pipeline\\Pipeline->Illuminate\\Pipeline\\{closure}(Object(Illuminate\\Http\\Request))
#38 C:\\Users\\Administrator\\final-project\\vendor\\laravel\\framework\\src\\Illuminate\\Foundation\\Http\\Middleware\\ConvertEmptyStringsToNull.php(31): Illuminate\\Foundation\\Http\\Middleware\\TransformsRequest->handle(Object(Illuminate\\Http\\Request), Object(Closure))
#39 C:\\Users\\Administrator\\final-project\\vendor\\laravel\\framework\\src\\Illuminate\\Pipeline\\Pipeline.php(183): Illuminate\\Foundation\\Http\\Middleware\\ConvertEmptyStringsToNull->handle(Object(Illuminate\\Http\\Request), Object(Closure))
#40 C:\\Users\\Administrator\\final-project\\vendor\\laravel\\framework\\src\\Illuminate\\Foundation\\Http\\Middleware\\TransformsRequest.php(21): Illuminate\\Pipeline\\Pipeline->Illuminate\\Pipeline\\{closure}(Object(Illuminate\\Http\\Request))
#41 C:\\Users\\Administrator\\final-project\\vendor\\laravel\\framework\\src\\Illuminate\\Foundation\\Http\\Middleware\\TrimStrings.php(40): Illuminate\\Foundation\\Http\\Middleware\\TransformsRequest->handle(Object(Illuminate\\Http\\Request), Object(Closure))
#42 C:\\Users\\Administrator\\final-project\\vendor\\laravel\\framework\\src\\Illuminate\\Pipeline\\Pipeline.php(183): Illuminate\\Foundation\\Http\\Middleware\\TrimStrings->handle(Object(Illuminate\\Http\\Request), Object(Closure))
#43 C:\\Users\\Administrator\\final-project\\vendor\\laravel\\framework\\src\\Illuminate\\Foundation\\Http\\Middleware\\ValidatePostSize.php(27): Illuminate\\Pipeline\\Pipeline->Illuminate\\Pipeline\\{closure}(Object(Illuminate\\Http\\Request))
#44 C:\\Users\\Administrator\\final-project\\vendor\\laravel\\framework\\src\\Illuminate\\Pipeline\\Pipeline.php(183): Illuminate\\Foundation\\Http\\Middleware\\ValidatePostSize->handle(Object(Illuminate\\Http\\Request), Object(Closure))
#45 C:\\Users\\Administrator\\final-project\\vendor\\laravel\\framework\\src\\Illuminate\\Foundation\\Http\\Middleware\\PreventRequestsDuringMaintenance.php(99): Illuminate\\Pipeline\\Pipeline->Illuminate\\Pipeline\\{closure}(Object(Illuminate\\Http\\Request))
#46 C:\\Users\\Administrator\\final-project\\vendor\\laravel\\framework\\src\\Illuminate\\Pipeline\\Pipeline.php(183): Illuminate\\Foundation\\Http\\Middleware\\PreventRequestsDuringMaintenance->handle(Object(Illuminate\\Http\\Request), Object(Closure))
#47 C:\\Users\\Administrator\\final-project\\vendor\\laravel\\framework\\src\\Illuminate\\Http\\Middleware\\HandleCors.php(49): Illuminate\\Pipeline\\Pipeline->Illuminate\\Pipeline\\{closure}(Object(Illuminate\\Http\\Request))
#48 C:\\Users\\Administrator\\final-project\\vendor\\laravel\\framework\\src\\Illuminate\\Pipeline\\Pipeline.php(183): Illuminate\\Http\\Middleware\\HandleCors->handle(Object(Illuminate\\Http\\Request), Object(Closure))
#49 C:\\Users\\Administrator\\final-project\\vendor\\laravel\\framework\\src\\Illuminate\\Http\\Middleware\\TrustProxies.php(39): Illuminate\\Pipeline\\Pipeline->Illuminate\\Pipeline\\{closure}(Object(Illuminate\\Http\\Request))
#50 C:\\Users\\Administrator\\final-project\\vendor\\laravel\\framework\\src\\Illuminate\\Pipeline\\Pipeline.php(183): Illuminate\\Http\\Middleware\\TrustProxies->handle(Object(Illuminate\\Http\\Request), Object(Closure))
#51 C:\\Users\\Administrator\\final-project\\vendor\\laravel\\framework\\src\\Illuminate\\Pipeline\\Pipeline.php(119): Illuminate\\Pipeline\\Pipeline->Illuminate\\Pipeline\\{closure}(Object(Illuminate\\Http\\Request))
#52 C:\\Users\\Administrator\\final-project\\vendor\\laravel\\framework\\src\\Illuminate\\Foundation\\Http\\Kernel.php(175): Illuminate\\Pipeline\\Pipeline->then(Object(Closure))
#53 C:\\Users\\Administrator\\final-project\\vendor\\laravel\\framework\\src\\Illuminate\\Foundation\\Http\\Kernel.php(144): Illuminate\\Foundation\\Http\\Kernel->sendRequestThroughRouter(Object(Illuminate\\Http\\Request))
#54 C:\\Users\\Administrator\\final-project\\public\\index.php(51): Illuminate\\Foundation\\Http\\Kernel->handle(Object(Illuminate\\Http\\Request))
#55 C:\\Users\\Administrator\\final-project\\vendor\\laravel\\framework\\src\\Illuminate\\Foundation\\resources\\server.php(16): require_once('C:\\\\Users\\\\Admini...')
#56 {main}
"} 
[2026-07-12 22:15:05] local.INFO: ESP8266 Request {"device_serial_number":"unikey01","request":[],"headers":{"host":["localhost:8000"],"connection":["keep-alive"],"sec-ch-ua":["\"Not;A=Brand\";v=\"8\", \"Chromium\";v=\"150\", \"Google Chrome\";v=\"150\""],"sec-ch-ua-mobile":["?0"],"sec-ch-ua-platform":["\"Windows\""],"upgrade-insecure-requests":["1"],"user-agent":["Mozilla/5.0 (Windows NT 10.0; Win64; x64) AppleWebKit/537.36 (KHTML, like Gecko) Chrome/150.0.0.0 Safari/537.36"],"accept":["text/html,application/xhtml+xml,application/xml;q=0.9,image/avif,image/webp,image/apng,*/*;q=0.8,application/signed-exchange;v=b3;q=0.7"],"sec-fetch-site":["none"],"sec-fetch-mode":["navigate"],"sec-fetch-user":["?1"],"sec-fetch-dest":["document"],"accept-encoding":["gzip, deflate, br, zstd"],"accept-language":["en-US,en;q=0.9,sw;q=0.8"],"cookie":["_ga=GA1.1.997339241.1746134229; Phpstorm-c886c1d7=822ff6c8-6478-4743-b546-d8ffbfce5b70; _ga_PPNVBH881Z=GS2.1.s1771281606$o99$g1$t1771286161$j60$l0$h0; XSRF-TOKEN=eyJpdiI6IjUwY3NkKzdTMTgwNFRLTTZFL0JlRVE9PSIsInZhbHVlIjoiTzlwS0E2N0JkTUVmeXoyR1Jadlllc2hYQ1oyTkY1d1VJb0dyMUp0d3IrcVF1ZlFSNG5Yb2hXTEtPcXg4VFlDalV3Q3JWRHgrTWRpL2FTcUdyRGtjcEJZOVdDOFRPWE5xVHZZekNrVHdZOG94dlMwa0JCa0FPTE1wbTl5bEM5WDAiLCJtYWMiOiIyM2M5NTU0Nzc0YmZjZjVmNzg3YWM0MjNiNmYyYzdiNWU1MmU3ZWNiNjJjY2IxYmI2ZWQzZTRiYTc2MzMyN2ZhIiwidGFnIjoiIn0%3D; unikey_session=eyJpdiI6Inh4SlZuYnlGQ0xnU2RmcU1FVEtialE9PSIsInZhbHVlIjoiVm05WFlOM2NwVDI0emVjODUzMGYxRXZXcnpMRExWbkNabmtSTzgxL1lKakRxVEMwRXhmMzdlc0s0Vm4vMEhPUndNYmJGUXBTaWJ0Y3Q5R3NocDdDK0R4N1ZGZGd4TUtvZGV0S0oyMVc2SXErLzN5OVdxS3ZId2JCcVpXWnFIOTAiLCJtYWMiOiI1ZWQ5NjA2MjA0MzJjMmRiYmIwZjE1ZmMyMzc1Y2ZhNzdlMWRkNzM0ODE3NTY2MzIyZGE5OGNjNmQ3ZjMzOWQ1IiwidGFnIjoiIn0%3D"]},"ip":"127.0.0.1","method":"GET","url":"http://localhost:8000/unikey01/door/state/check"} 
